date,closed,report
9/11/2020,,"I-10 Eastbound and Westbound from MM 103 (I-49) to MM 109 (LA 328 – Breaux Bridge), Lafayette/St. Martin Parish – Intermittent Short Term Lane Closure"
9/11/2020,,"I-10 WB from MM 103 to MM 104, St. Martin Parish, Lane Closure H.003003"
9/11/2020,,I-10- Partial Road Closure - Project #: H.011024 - St. Tammany Parish (Oak Harbor Blvd.)
9/11/2020,,US 190 LANE CLOSURE AT LITTLE NATALBANY RIVER BRIDGE IN ALBANY
9/11/2020,,"I-310, St. Charles Parish, S.P. H.012617"
9/11/2020,,I-10 - Partial Road Closure -  Project #: H.011024 - St. Tammany Parish - Slidell
9/11/2020,,"UPDATE: Reopened- I-10 WB exit ramp for US 90, US 90 eastbound overpass - Calcasieu Parish"
9/11/2020,,"LA 611-1 (River Road) from Arnoult Road to Highway Drive, Jefferson Parish, S.P. No H.012161"
9/11/2020,,I-10- Partial Road Closure - Project #: H.011024 - St. Tammany Parish (I-10 Ramps)
9/11/2020,,"LA 18 (River Road), St. Charles Parish, S.P. H.012600"
9/11/2020,,I-12 - Full Ramp Closure -  Project #: H.011152 I-12: US 190 - LA 59 - St. Tammany Parish
9/11/2020,,"US 61, EAST & WEST FELICIANA, ST.FRANCISVILLE, H.013193"
9/11/2020,,UPDATE - ROAD CLOSURE:  US 190 - TANGIPAHOA PARISH
9/11/2020,,"US 90, Jefferson and St. Charles Parish, H.012051.6"
9/11/2020,,"LA 541, Jefferson Parish, H.012553.6"
9/11/2020,,*Update - Reopened* Hwy 465; Rapides and Vernon Parish
9/11/2020,,** REMINDER ** LA 440 - Full Road Closure - St. Helena Parish
9/11/2020,,"REVISED: LA 3152 Clearview Pkwy W. Metairie to Argonne St., Jefferson Parish, H.012571"
9/11/2020,," I-10, Orleans Parish, H.013587.6"
9/10/2020,,Lane closure on US 90 Business (Broad Street) – Calcasieu Parish
9/10/2020,,"** UPDATE: ROAD HAS REOPENED** LA 440, St Helena Parish, Road Closure"
9/10/2020,,LA 73/OLD JEFFERSON HIGHWAY (ASCENSION PARISH)  LANE CLOSURE
9/10/2020,,DOTD announces upcoming US 190 Bridge lane closure in East Baton Rouge Parish
9/10/2020,,"Crescent City Connection, US 90B, Orleans Parish"
9/10/2020,,"UPDATE: Black Bayou Bridge open to motorists, Grand Lake Bridge open - Cameron/Calcasieu Parishes"
9/10/2020,,"LA 182 at the Berwick Bay Bridge in Berwick, St. Mary Parish, Bridge Closure for Routine Bridge Inspections"
9/10/2020,,"I-10 EB on the Atchafalaya Basin Bridge from MM 120.5 to 127.5, St. Martin Parish, Lane Closure for Routine Bridge Inspections"
9/10/2020,,"LA 3073 (Ambassador Caffery Parkway) SB from Ridge Rd. to Acadiana Mall Access Drive, Lafayette Parish, Alternating Lane Closures"
9/10/2020,,"REVISED: I-10, Orleans Parish, H.013587.6"
9/9/2020,,H.014310 – I-10 WB Rail Replacement over Maximillian Street -- East Baton Rouge Parish
9/9/2020,,I-10 WB at the Off Ramp to LA 975 (Exit 127 to Whiskey Bay) Lane Closure:
9/9/2020,,"US 61, from Williams Blvd. to Alliance Ave, Jefferson Parish, S.P. No H.013209"
9/9/2020,,Terrebonne Parish- La 182 @ Hollywood Road
9/9/2020,,"US 90B, Crescent City Connection, Orleans Parish"
9/9/2020,,"I-10, Jefferson and St. Charles Parish, S.P. No. H.011670"
9/9/2020,,RAMP CLOSURES: I-20 WB & EB in Lincoln & Ouachita Parishes
9/9/2020,,LA 16 - Partial Road Closure -  Project #: H.013724 - Livingston Parish
9/9/2020,,I-55 Frontage Road - Full Road Closure -  Project #: H.012874 - Tangipahoa Parish
9/9/2020,,ROAD CLOSURE UPDATES: Central LA Region (Alexandria District)
9/9/2020,,"US 61: Bayou Manchac & Bayou Francois Bridges, Lane Closure, East Baton Rouge & Ascension Parishes *Update*"
9/9/2020,,"LA 541 (River Road), Jefferson Parish"
9/9/2020,,"US 90, Jefferson and St. Charles Parish, H.012051.6"
9/9/2020,,"I-10, Jefferson and St. Charles Parish, S.P. No. H.013839"
9/9/2020,,"US 61 from RR Overpass to LA 50, in Jefferson & St. Charles Parish, S.P. No H.000320"
9/9/2020,,"LA 47, MRGO Bridge, Orleans Parish"
9/9/2020,,I-10 WB RAMP CLOSURE (EAST BATON ROUGE PARISH) HIGHLAND RD. WB OFF RAMP
9/9/2020,,I-10 WB RAMP CLOSURE (EAST BATON ROUGE PARISH) HIGHLAND RD. WB ON RAMP
9/9/2020,,I-10 WB (EAST BATON ROUGE PARISH) MM 168 TO MM 165 LANE CLOSURE
9/8/2020,,I-12 - Partial Road Closure -  Project #: H.011278 - Livingston Parish
9/8/2020,,I-12 - Partial Road Closure -  Project #: H.011278 - Livingston Parish
9/8/2020,,I-12 - Partial Road Closure -  Project #: H.011152 I-12: US 190 - LA 59 - St. Tammany Parish
9/8/2020,,"LANE CLOSURE: I-20 westbound near Industrial Drive, Bossier Parish"
9/8/2020,,"US 167 (Johnston Street) NB & SB from West/East Broussard Road to Duhon Rd./South City Pkwy., Lafayette Parish, Alternating Lane Closures"
9/8/2020,,"RESCHEDULED:  I-10 EB from MM 114.5 to MM 117 (Atchafalaya Basin Bridge), St. Martin Parish, Intermittent Short Term Lane Closures"
9/8/2020,,"I-10 WB from MM 104 (Vermilion River) to MM 103 (I-49), Lafayette Parish, Lane Closure"
9/8/2020,,"I-10 WB Exit Ramp at Exit 104 - Louisiana Avenue, Lafayette Parish, Ramp Closure"
9/8/2020,,H.013331 -- LA 427: Perkins Rd. -- East Baton Rouge Parish
9/8/2020,,H.013483 -- LA 327: River Road -- East Baton Rouge Parish
9/8/2020,,"LA 134 in Ouachita Parish, Traffic Shift; SP H.008221"
9/5/2020,,"**Update: Reopened**  US 171; Anacoco, Vernon Parish"
9/4/2020,,NOW OPEN  Road Closures Due to High Water – Vermilion Parish
9/4/2020,,LA 16 - Partial Road Closure -  Project #: H.013230 - Livingston Parish
9/4/2020,,LA 23 SB (Belle Chasse Tunnel) Closure
9/4/2020,,"UPDATE: CANCELED: I-10, Jefferson and St. Charles Parish, S.P. No. H.011670"
9/4/2020,,"LA 611-1 (River Road) from Arnoult Road to Highway Drive, Jefferson Parish, S.P. No H.012161"
9/4/2020,,"I-310, St. Charles Parish, S.P. H.012617"
9/4/2020,,"LA 47, Orleans & St. Bernard Parish, H.013560.6"
9/4/2020,,***Road Closure*** Iberville Parish  LA 75 at Bayou Sorrel Bridge
9/4/2020,,"I-10 EB on the Atchafalaya Basin Bridge from MM 122.5 to 127.5, St. Martin Parish, Lane Closure for Routine Bridge Inspections"
9/4/2020,,UPDATE - LA 40- Partial Road Closure -  Project #: H.002446 - St. Tammany Parish
9/4/2020,,UPDATE - LANE/ROAD CLOSURE: LA 512 near Pelican in DeSoto Parish
9/4/2020,,LA 59 - Partial Road Closure -  Project #: H.011030 - St. Tammany Parish
9/4/2020,,REOPENED - I-55 Service Road - St. John the Baptist Parish
9/4/2020,,"LA 18 (River Road), St. Charles Parish, S.P. H.012600"
9/4/2020,,"FW: LA 47,  MRGO Bridge, (Green Bridge), Orleans Parish"
9/4/2020,,"I-10: New Orleans East Drain Canal Bridge Replace, Orleans Parish - H.010018.6"
9/4/2020,,"I-55 & I-12 DISTRICT WIDE OGFC SPOT REPAIR – ST. TAMMANY PARISH, LANE & RAMP CLOSURES AT I-12/ I-59/ I-10 INTERCHANGE - STATE PROJECT H.013903"
9/3/2020,,LA 1028 - Full Road Closure - Livingston Parish
9/3/2020,,LA 1028 - Full Road Closure - Livingston Parish
9/3/2020,,LA 41 - Partial Road Closure -  Project #: H.013728 - St. Tammany Parish
9/3/2020,,UPDATE: ROAD IS NOW OPEN- ST. TAMMANY PARISH / LA 1077 /  ROAD CLOSURE DUE TO HIGH WATER
9/3/2020,,"LA 39: Judge Seeber Bridge, Orleans Parish, (H.012956.6)"
9/3/2020,,LA 1028 - Full Road Closure - Livingston Parish
9/3/2020,,"Crescent City Connection Westbound, Orleans Parish"
9/3/2020,,"US 165 in Ouachita Parish, Lane Closures; SP H.008221"
9/3/2020,,"UPDATE 9/4 - NOTICE: - Traffic Pattern Shift - I-20/Well Road Overpass, Ouachita Parish"
9/3/2020,,I-10 @ Mississippi River Bridge West Bound - Lane CLOSURE
9/2/2020,,"UPDATE: Grand Lake Bridge open to motorists, Black Bayou Bridge OPEN - Cameron/Calcasieu Parishes"
9/2/2020,,"ROAD CLOSURE: Swan Lake Road southbound at I-220, Bossier Parish"
9/2/2020,,"US 90B, Crescent City Connection, Orleans Parish"
9/2/2020,,"I-10 Westbound from MM 108 to MM 107, St. Martin Parish, Lane Closure"
9/1/2020,,"LA 326 at its intersection with Sanaren Street, St. Mary Parish - Road Closure"
9/1/2020,,"US 90B, Crescent City Connection, Orleans Parish"
9/1/2020,,I-10 EB  (EAST BATON ROUGE) HIGHLAND ROAD EB ON RAMP CLOSURE - CANCELED
9/1/2020,,"I-10, Jefferson and St. Charles Parish, S.P. No. H.011670"
9/1/2020,,"ROAD CLOSURE: Swan Lake Road northbound at I-220, Bossier Parish"
9/1/2020,,"UPDATE: LA 316 Bayou Blue Pontoon Bridge, Lafourche Parish"
9/1/2020,,"RESCHEDULED: US 167 (Johnston St.) NB & SB from LA 3073 (Ambassador Caffery) to US 90 (Evangeline Thrway), Lafayette Parish, Alternating Lane Closures"
9/1/2020,,LA 42 (EAST BATON ROUGE PARISH) HIGHLAND ROAD - ROAD CLOSURE
9/1/2020,,LA 42 (EAST BATON ROUGE PARISH) HIGHLAND ROAD
9/1/2020,,I-10 EB (EAST BATON ROUGE PARISH) MM 167 TO MM169
9/1/2020,,I-10 WB (EAST BATON ROUGE PARISH) MM 168 TO MM 166
9/1/2020,,"UPDATE - LANE/SHOULDER CLOSURES: I-20/I-220 Interchange, Bossier Parish"
8/31/2020,1,UPDATE: LA 384 (University Drive) from McNeese Street to Lake Street
8/31/2020,1,Update on LA 1143 from LA 27 - Cameron Parish
8/31/2020,1,UPDATE: LA 82 from state line to the ferry crossing - Cameron Parish
8/31/2020,1,Update: LA 379 (Houston River Road) from Sulphur Avenue to LA 27 - Calcasieu Parish
8/31/2020,0,Road Open: LA 378 Spur (Sam Houston Jones Pkwy) from LA 378 to Sutherland Road
8/31/2020,0,UPDATE - road open: LA 384 from LA 385 to LA 27 – Cameron Parish
8/31/2020,1,UPDATE: LA 82 from Oak Grove to Vermilion P/L – Cameron Parish
8/31/2020,-1,"US 90B, Crescent City Connection, Orleans Parish"
8/31/2020,0,**BRIDGE RE-OPENED** Jackson Street Bridge; US 165-B; Rapides Parish; Bridge Repair
8/31/2020,1,"I-55 & I-12 DISTRICT WIDE OGFC SPOT REPAIR – ST. TAMMANY PARISH, LANE & RAMP CLOSURES AT I-12/ I-59/ I-10 INTERCHANGE - STATE PROJECT H.013903"
8/31/2020,0,**ROAD RE-OPENED** LA 1187; Avoyelles Parish
8/31/2020,1,"UPDATE: ROAD CLOSURE 9/1 and 9/2 Nightly- I-20/Well Road Overpass, Ouachita Parish"
8/31/2020,-1,"LA 47, Orleans & St. Bernard Parish, H.013560.6"
8/31/2020,1,UPDATE: LA 306 - From the Fricky Ln. Intersection - St. Charles Parish
8/31/2020,1,UPDATE: LA 45 – South of LA 302 intersection - Jefferson Parish
8/31/2020,1,"I-10 EB between MM 114.5 & 117 (Atchafalaya Basin Bridge), St. Martin Parish, Alternating Lane Closures"
8/31/2020,1,"LA 93 (Westgate Rd.) SB from US 90 (Cameron St.) to Dulles Drive, Lafayette Parish, Traffic Shift & Alternating Lane Closures"
8/31/2020,1,ROAD CLOSURE UPDATE FOR MONROE REGION
8/31/2020,1,CLOSED - Update on Grand Lake Bridge in Cameron Parish
8/31/2020,1,"UPDATE I-10, Jefferson and St. Charles Parish, S.P. No. H.013839"
8/30/2020,0,Road open: LA 384 from 1138-2 (Nelson Road) to LA 1144 (Big Pastor Road)
8/30/2020,1,UPDATE Road Closures Due to High Water – St. Mary Parish
8/30/2020,1,UPDATE: LA 110 from Singer to Longville – Beauregard Parish
8/30/2020,1,UPDATE: LA 27 from I-10 to LA 108 - Calcasieu Parish
8/30/2020,0,"**ROAD RE-OPENED**  I-49: Alexandria, Rapides Parish, Louisiana; Power Lines"
8/30/2020,1,UPDATE: LA 109 from LA 27 to LA 12 - Beauregard/Calcasieu Parishes
8/30/2020,1,UPDATE Road Closures Due to High Water – Evangeline Parish
8/30/2020,1,Update on US 171 from Calcasieu Parish line to US 90 - Calcasieu Parish
8/30/2020,1,UPDATE: LA 101 from US 165 to I-10- Jefferson Davis Parish
8/30/2020,1,Update: LA 12 from LA 27 to state line - Calcasieu Parish/Beauregard Parish
8/30/2020,1,UPDATE: LA 108 from I-10 to LA 1256 - Calcasieu Parish
8/30/2020,1,"UPDATE: LA 383 from US 165 to US 90 – Allen,Jefferson Davis, and Calcasieu Parishes"
8/30/2020,1,UPDATE: LA 99 from LA 102 to US 90 - Jefferson Davis Parish
8/30/2020,0,UPDATE - Road open: LA 112 from US 171 to LA 399 - Beauregard Parish
8/30/2020,1,UPDATE: US 90 from LA 99 (Welsh) to LA 101 (Lacassine) – Jefferson Davis Parish
8/30/2020,1,UPDATE: US 90 from LA 101 to US 165 - Calcasieu Parish
8/29/2020,1,"LA 16, Livingston Parish, Road Closure, S.P. H.013724"
8/29/2020,0,CANCELED - I-10 WB (EAST BATON ROUGE PARISH) ALTERNATING LANE CLOSURE - MM 168 TO 165
8/29/2020,0,CANCELED - I-10 WB (EAST BATON ROUGE PARISH) RAMP CLOSURE - HIGHLAND WB OFF RAMP
8/29/2020,0,CANCELED - I-10 WB (EAST BATON ROUGE PARISH) RAMP CLOSURE - HIGHLAND ROAD WB ON RAMP
8/29/2020,0,Road open: LA 1151 near Oberlin
8/29/2020,0,Road open: LA 113 from US 190 to LA 26 – Beauregard/Allen Parishes
8/29/2020,1,ROAD CLOSURE UPDATES FOR CENTRAL LA REGION (ALEXANDRIA DISTRICT)
8/29/2020,0,UPDATE: Reopened - LA 1256/LA 27 from I-10 to LA 390 – Calcasieu Parish/Cameron Parish
8/29/2020,0,"UPDATE - REOPENED: Tremont Eastbound & Westbound Rest Areas, Lincoln Parish"
8/29/2020,0,UPDATE - Reopened: LA 12 from LA 27 to US 171 – Calcasieu Parish/Beauregard Parish
8/29/2020,0,Road open: US 190 from US 171 (Ragley) to US 165 (Kinder) – Beauregard/Allen Parishes
8/29/2020,0,Road open: LA 101 from US 165 to LA 383 – Jefferson Parish
8/28/2020,1,UPDATE: LA 14 from Broad Street to Tom Hebert Road – Calcasieu Parish
8/28/2020,1,Road closed: LA 113 from LA 26 to US 190 – Beauregard Parish/Jefferson Davis Parish
8/28/2020,0,Road open: LA 99 from US 90 to LA 14 - Jefferson Davis Parish
8/28/2020,0,Road open: LA 99 from US 190 to LA 102 – Jefferson Davis Parish
8/28/2020,0,Road open: LA 395 from LA 102 to US 90 – Jefferson Davis Parish
8/28/2020,0,Road open: LA 26 from US 171 to US 165 – Beauregard Parish/Allen Parish
8/28/2020,1,UPDATE: LA 110 from US 190 to LA 27 - Beauregard Parish
8/28/2020,1,UPDATE:  LA 301 – Jefferson Parish
8/28/2020,1,UPDATE: WATER ON ROAD: LA 560-4 - Jefferson Parish
8/28/2020,0,Road open: US 190 from state line to LA 26
8/28/2020,1,UPDATE: WATER ON ROAD: LA 3257 – South of the Pailet Canal - Jefferson Parish
8/28/2020,-1,"UPDATE-WATER HAS RECEDED - I-55 Northbound and Southbound Ramps at Manchac, Tangipahoa Parish"
8/28/2020,0,Road Open: LA 112 from LA 399 to LA 10 – Allen Parish/Beauregard Parish
8/28/2020,0,Road Open: LA 27 from DeRidder to I-10 - Beauregard Parish/Calcasieu Parish
8/28/2020,1,ST. TAMMANY PARISH - I-10: LANE CLOSURES (SLIDELL)
8/28/2020,1,ST. TAMMANY PARISH – I-10: SLIDELL RAMP CLOSURES
8/28/2020,-1,ST. TAMMANY PARISH – I-10: MEDIAN PROTECTION-OAK HARBOR LIGHT/RAMP
8/28/2020,-1, I-55: LA22 INTERSTATE LIGHTING – TANGIPAHOA PARISH - STATE PROJECT H.012874
8/28/2020,1,"I-55 & I-12 DISTRICT WIDE OGFC SPOT REPAIR – ST. TAMMANY PARISH, RAMP CLOSURES AT I-12/ I-59/ I-10 INTERCHANGE - STATE PROJECT H.013903"
8/28/2020,-1,H.012185 -- LA 3034: Sullivan Rd. -- East Baton Rouge Parish
8/28/2020,1,"UPDATE: LA 665 flood gate closure, Terrebonne Parish"
8/28/2020,1,I-12 - Partial Road Closure -  Project #: H.011278 - Livingston Parish
8/28/2020,1,***UPDATE***WATER ON ROAD: LA 55 south of floodgate in Terrebonne Parish
8/28/2020,1,LA 16 - Partial Road Closure -  Project #: H.013230 - Livingston Parish
8/28/2020,0,NOW OPEN Road Closures Due to High Water – Iberia Parish
8/28/2020,1,LA 16 - Partial Road Closure -  Project #: H.013230 - Livingston Parish
8/28/2020,-1,"UPDATED - WATER HAS RECEDED -I-55 Northbound and Southbound Ramps at Ruddock, St. John the Baptist Parish"
8/28/2020,-1,x
8/28/2020,-1,"I-10, Orleans Parish, H.013587.6"
8/28/2020,1,LA 16 - Partial Road Closure -  Project #: H.013230 - Livingston Parish
8/28/2020,0,NOW OPEN Road Closures Due to High Water – Acadia Parish
8/28/2020,-1,DOTD announces upcoming I-110 lane closure in East Baton Rouge Parish
8/28/2020,1,Down power lines on I-210 Prien Lake Bridge - Calcasieu Parish
8/28/2020,0,"CANCELED: I-10, Orleans Parish, H.013587.6"
8/28/2020,-1,"US 90, Jefferson and St. Charles Parish, H.012051.6"
8/28/2020,-1,"UPDATE: FLOOD WATERS HAVE RECEDED: LA 46 at its junction with LA 300 to the Ysclokey Bridge, St. Bernard Parish"
8/28/2020,-1,"UPDATE: WATER HAS RECEDED: LA 300, at its intersection of LA 46, St. Bernard Parish"
8/28/2020,-1,"UPDATE: WATER HAS RECEDED: LA 624, from Yscloskey Bridge to Hopedale, St. Bernard Parish"
8/28/2020,0,Road Open: US 171 from Calcasieu Parish Line to DeRidder
8/28/2020,0,Road Open: LA 26 from US 90 to US 165 - Allen Parish/Jefferson Davis Parish
8/28/2020,0,Road Open: LA 14 from LA 101 to LA 380 - Jefferson Davis Parish
8/28/2020,0,Road Open: US 165 from LA 10 (Oakdale) to Jeff Davis Parish line - Allen Parish
8/28/2020,-1,"UPDATE: FLOOD WATERS HAVE RECEDED: US 90, from the floodgate to Chef Menteur Bridge, Orleans Parish"
8/28/2020,-1,"UPDATE: FLOOD WATERS HAVE RECEDED: US 11, from the flood gate to I-10, Orleans Parish"
8/28/2020,-1,"LA 18 (River Road), St. Charles Parish, S.P. H.012600"
8/28/2020,0,"CANCELED: I-10, from Clearview Parkway to Causeway Boulevard, Jefferson Parish"
8/28/2020,-1,"LA 611-1 (River Road) from Arnoult Road to Highway Drive, Jefferson Parish, S.P. No H.012161"
8/28/2020,0,UPDATE:  ROAD RE-OPENED - LA 434 - BAYOU LIBERTY (EAST END) - ST. TAMMANY PARISH
8/28/2020,0,RE-OPENED:  I-55 WELCOME CENTER - TANGIPAHOA PARISH
8/27/2020,1,UPDATE Road Closures Due to High Water – Lafayette Parish
8/27/2020,-1,Road conditions update following Hurricane Laura: Central LA Region
8/27/2020,1,**LIVE WIRE DOWN** LA 121 at the junction of LA 461; and at LA 112; Vernon Parish
8/27/2020,1,"***UPDATE*** LA 1, Theriot Lock closure, Lafourche Parish"
8/27/2020,0,"UPDATED: IS NOW OPEN : LA 56 flood gate closure, Terrebonne Parish"
8/27/2020,0,NOW OPEN - Road Status – St. Martin Parish
8/27/2020,-1,"I-10, Jefferson Parish"
8/27/2020,1,***BRIDGE CLOSURE*** LA 75 Bayou Sorrell Bridge
8/27/2020,1,Emergency Road Closure;  LA 112: From Lecompte to I-49;  Rapides Parish;  Downed Trees
8/27/2020,-1,"I-10, St. Charles Parish, H.014301"
8/27/2020,1,Road Closures Due to High Water – Lafayette Parish
8/27/2020,1,Road Closures Due to High Water – Vermilion Parish
8/27/2020,1,Road Closures Due to High Water – St. Martin Parish
8/27/2020,-1,"LA 3152 Clearview Pkwy W. Metairie to Argonne St., Jefferson Parish, H.012571"
8/27/2020,1,"UPDATE: LA 3152 Clearview Pkwy W. Metairie to Argonne St., Jefferson Parish, H.012571"
8/27/2020,-1,"HIGH WATER: I-20 eastbound shoulder at Exit 5 near Greenwood, Caddo Parish"
8/27/2020,-1,"I-310, St. Charles Parish, S.P. H.012617"
8/27/2020,0,***UPDATE*** ROAD OPEN: Temporary Road Closure - Hwy 19 North of Norwood - East Feliciana Parish
8/27/2020,0,UPDATE: ROAD IS OPEN:  LA 23 Venice Floodgate - Plaquemines Parish
8/27/2020,1,***TEMPORARY ROAD CLOSURE*** IBERVILLE PARISH
8/27/2020,-1,I-10 EB at mile marker 126.4 - St. Martin Parish
8/27/2020,-1,"***UPDATE: POSTPONED UNTIL FURTHER NOTICE*** - LA 440, St. Helena Parish, Road Closure"
8/27/2020,0,**UPDATE: OPEN** I-10 at Mile Marker 146 1/2 WB - West Baton Rouge Parish
8/26/2020,1,"Grand Lake Bridge closed to motorists, Black Bayou Bridge open - Calcasieu/Cameron Parish"
8/26/2020,1,***UPDATE*** Judge Perez Bridge (LA 23) closed to marine traffic
8/26/2020,0,**UPDATE: OPEN**  Temporary Closure - Burbank Drive between Ben Hur Road and Lee Drive - East Baton Rouge Parish
8/25/2020,0,***UPDATE: OPEN*** LA 47 floodgate closure in Orleans Parish
8/25/2020,-1,"I-10, Orleans Parish, SP# H.010018.6"
8/25/2020,-1,"US 90B, Crescent City Connection, Orleans Parish"
8/25/2020,0,"*** UPDATE: OPEN *** LA 300 floodgate closure, St. Bernard Parish"
8/25/2020,0,"***UPDATE: OPEN*** LA 39 flood gate closure, Plaquemines Parish"
8/25/2020,-1,"Humble Canal Bridge on LA 3147 in Freshwater City, Vermilion Parish"
8/25/2020,1,***UPDATE***US 90 Business (Broad Street) Westbound Right Lane Closure between S. Franklin St. and Enterprise Blvd. - Calcasieu Parish
8/25/2020,0,***UPDATE rescheduled***DOTD announces upcoming US 190 Bridge lane closures in East Baton Rouge Parish
8/24/2020,0,***UPDATE Rescheduled*****DOTD announces upcoming US 61 lane closure in East Baton Rouge Parish
8/24/2020,1,LINCOLN PARISH LANE CLOSURES: I-20 EB at LA 507 Overpass (EXIT 77)
8/24/2020,1,LA 23 floodgate closure in Plaquemines Parish
8/24/2020,0,***OPEN***U.S. 11 floodgate closure
8/24/2020,0,***OPEN*** US 90 floodgate closure
8/24/2020,0,"CANCELED: I-10, Orleans Parish, SP# H.010018.6"
8/24/2020,0,"CANCELED: LA 611-1 (River Road) from Arnoult Road to Highway Drive, Jefferson Parish, S.P. No H.012161"
8/24/2020,0,"CANCELED: I-10, Orleans Parish, H.013587.6"
8/24/2020,0,"CANCELED: I-10 Williams Blvd. to I-10/I-610 Split, Jefferson Parish, H.009054"
8/24/2020,0,"CANCELED: UPDATE -  I-10, Orleans Parish, H.013587.6"
8/24/2020,0,"CANCELED: LA 3152 Clearview Pkwy W. Metairie to Argonne St., Jefferson Parish, H.012571"
8/24/2020,0,"CANCELED: UPDATE: I-10, Orleans Parish, H.013587.6"
8/24/2020,0,"CANCELED: US 90, Crescent City Connection, Orleans Parish"
8/24/2020,0,UPDATE: CANCELLED – Road closure on LA 109 AT MP 0.032 (N of US 90 & LA 109) – Calcasieu Parish
8/24/2020,0,UPDATE: CANCELLED – Lane closure on LA 109 – Calcasieu Parish
8/24/2020,0,CANCELED - US 190- Partial Road Closure -  Project #: H.011152 - St. Tammany Parish
8/24/2020,1,"BRIDGE CLOSURE: I-20 westbound on-ramp from Murphy St., Caddo Parish"
8/23/2020,1,UPDATE: Nighttime lane closure on I-10 WB from I-210 to LA 108 – Calcasieu Parish
8/23/2020,0,***UPDATE: CANCELED***LA 23 SB (Belle Chasse Tunnel) Closure
8/22/2020,0,UPDATE – REOPENED: Spring Street overpass (LA 1 northbound) in downtown Shreveport
8/21/2020,1,LA 27 (Main St.) Northbound and Southbound Intermittent Lane Closures:  Kelso Bayou Bridge (MP 67.6) to south of Park Rd (MP 71.0) – Cameron Parish
8/21/2020,1,"LA 671 (Canal Street) at Railroad Crossing, Iberia Parish, Road Closure"
8/21/2020,1,"US 90B Harvey Tunnel, Westbound Total Closure, Jefferson Parish"
8/21/2020,0,"UPDATE – REOPENED: I-20 westbound on-ramp from I-220 eastbound, Bossier Parish"
8/21/2020,1,Nighttime lane closure: I-10 EB between LA 108 and I-210 – Calcasieu Parish
8/21/2020,0,"CANCELED: UPDATE US 90, Chef Pass Bridge (Total Closure), Orleans Parish"
8/21/2020,1,LA 59 - Partial Road Closure -  Project #: H.011030 - St. Tammany Parish
8/20/2020,0,"UPDATE - REOPENED: I-20 eastbound at Mississippi River (Vicksburg), Madison Parish"
8/20/2020,1,LA 16 - Partial Road Closure -  Project #: H.013230 - Livingston Parish
8/20/2020,1,***UPDATE Ramp Closure added***DOTD announces upcoming I-110 lane closure in East Baton Rouge Parish
8/20/2020,0,UPDATE:  Intersection Open -SPN H.002622 - Road Closure - 40 Oaks Farm Rd at LA 616 (Ark Road) - Ouachita Parish
8/20/2020,0,**BRIDGE RE-OPENED** LA 501 over Kyiaies Creek; Winn Parish
8/20/2020,1,I-10EB LANE CLOSURE (EAST BATON ROUGE PARISH) MM 167 TO MM 170
8/20/2020,1,I-10EB RAMP CLOSURE (EAST BATON ROUGE PARISH) LA 73 EB OFF RAMP
8/20/2020,1,"UPDATE: LA 3152 Clearview Pkwy W. Metairie to Argonne St., Jefferson Parish, H.012571"
8/20/2020,1,"EXTENDED! LA 92 (East Whitney Street/Leger Road/Domingue Road) from LA 13 to 0.108 mile east of Vermilion PL, Acadia Parish, Alternating Lane Closure"
8/20/2020,-1,"LA 18 (River Road), St. Charles Parish, S.P. H.012600"
8/20/2020,-1,"I-310, St. Charles Parish, S.P. H.012617"
8/20/2020,-1,"US 90, Chef Pass Bridge, Orleans Parish"
8/20/2020,1,LA 27 KELSO BAYOU BRIDGE AT MP 67.4 ALTERNATING LANE CLOSURE – CAMERON PARISH
8/19/2020,1,"I-10 EB between MM 114.5 & 117 (Atchafalaya Basin Bridge), St. Martin Parish, Alternating Lane Closures"
8/19/2020,1,"I-10 EB On Ramp at Exit 104 - Louisiana Avenue, Lafayette Parish, Intermittent Ramp Closure"
8/19/2020,1,"I-10 EB at I-49, Lafayette Parish, Intermittent Ramp Closure"
8/19/2020,1,"I-10 EB Off Ramp at Exit 104 - Louisiana Avenue, Lafayette Parish, Intermittent Ramp Closure"
8/19/2020,1,"I-10 EB from MM 103 (I-49) to MM 104 (Vermilion River), Lafayette Parish, Lane Closure"
8/19/2020,0,ROAD IS NOW OPEN-ST. TAMMANY PARISH: Capital Culvert La 59 (Range Line Road) closure
8/19/2020,-1,"LA 47, St. Bernard Parish, H.013560.6"
8/19/2020,-1,Interstate 10 in Jefferson Parish
8/19/2020,1,LA 26 (S. Lake Arthur Ave.) Southbound Intermittent Lane Closure: MP 67.0 (just south of Pearl St) in Jennings – Jefferson Davis Parish
8/19/2020,1,**LANE CLOSURE** US 84; over Dugdemona River; Winn Parish
8/19/2020,1,LA 383 Northbound Intermittent Lane Closure: Railroad Avenue (MP 0.4) to just South of LA 3059 (MP 2.7) in Iowa – Calcasieu Parish and Jefferson Davis
8/19/2020,1,Intermittent lane closures on LA 14 northbound between E. Prien Lake Road and 12th Street – Calcasieu Parish
8/19/2020,1,I-10 WESTBOUND RIGHT LANE CLOSURE - CALCASIEU RIVER BRIDGE AT MP 28.7 - CALCASIEU PARISH
8/19/2020,-1,"US 90B, Crescent City Connection, Orleans Parish"
8/18/2020,1,***UPDATE***I-10 South Frontage Road Eastbound Intermittent Lane Closure: MP 40.4 to MP 42.3 (West of Iowa) – Calcasieu Parish
8/18/2020,1,"I-12, Livingston Parish, Lane Closure, S.P. H.011278 ** UPDATED **"
8/18/2020,1,Alternating lane closures on LA 397– Calcasieu Parish
8/18/2020,1,"I-55 & I-12 DISTRICT WIDE OGFC SPOT REPAIR – ST. TAMMANY PARISH, RAMP CLOSURES AT I-12/ I-59/ I-10 INTERCHANGE - STATE PROJECT H.013903"
8/18/2020,1,"I-10 EB & WB on the Atchafalaya Basin Bridge, St. Martin & Iberville Parishes, Alternating Lane Closures for a Sweeping Operation"
8/18/2020,1,"I-10 Eastbound & Westbound, Acadia Parish, Alternating Lane Closures for Sweeping Operation"
8/18/2020,1,I-10 EB LANE CLOSURE (EAST BATON ROUGE PARISH) MM 171 TO MM 173
8/18/2020,1,I-10 EB RAMP CLOSURE (EAST BATON ROUGE PARISH) LA 73 EB OFF RAMP
8/18/2020,1,"UPDATE: LA 3144/Susek Drive Roundabout, Rapdies Parish"
8/18/2020,1,UPDATE: DOTD announces project to improve safety with replacement of pavement markings on LA 3132 in Shreveport
8/18/2020,1,St. Tammany:  LA 41 (Dump Road - LA 435) - Lane Closures
8/18/2020,-1,"Tulane Avenue Exit Ramp to WB I-10, Orleans Parish"
8/18/2020,1,"I-10 WB from MM 104 to MM 103, Lafayette Parish, Lane Closure"
8/18/2020,-1,"I-10, On-Ramp to US 90 (Pontchartrain Expressway), Orleans Parish"
8/18/2020,-1,"I-10, Jefferson and St. Charles Parish, S.P. No. H.011670"
8/18/2020,-1,"US 90B, Crescent City Connection HOV, Orleans Parish"
8/17/2020,1,Intermittent lane closures on LA 14 southbound between Oak Park and E Prien Lake – Calcasieu Parish
8/17/2020,-1,I-110 @ Florida Street Exit (Update)
8/17/2020,1,"I-10 EB from MM 103 (Bayou Coulee) to MM 104 (Vermilion River), Lafayette Parish, Lane Closure"
8/17/2020,1,LA 413 Lane Closure (Update)
8/17/2020,-1,DOTD announces upcoming Perkins on ramp closure in East Baton Rouge Parish
8/17/2020,1,"US 190 WB at MP 134.5, St. Landry Parish, Lane Closure for Bridge Repairs"
8/17/2020,1,I-10 EB ALTERNATING LANE CLOSURE (EAST BATON ROUGE PARISH) MM 165 TO MM 167
8/17/2020,1,"US 90, Chef Pass Bridge (Total Closure), Orleans Parish"
8/17/2020,1,I-10 EB LANE CLOSURE (EAST BATON ROUGE PARISH) MM 168 TO MM 172
8/17/2020,1,I-10 EB RAMP CLOSURE (EAST BATON ROUGE PARISH) HIGHLAND ROAD EB OFF RAMP
8/17/2020,1,I-10 EB LANE CLOSURE (EAST BATON ROUGE PARISH) MM 167 to MM 170
8/17/2020,1,LA 12 BETWEEN CLARK RD AND BRUCE RD (MP 31.3) ALTERNATING LANE CLOSURE – BEAUREGARD PARISH
8/17/2020,-1,H.013483 -- LA 327: River Road -- East Baton Rouge Parish
8/14/2020,0,"UPDATE - REOPENED: LA 764 bridge over Mim Springs, near Logansport, DeSoto Parish"
8/14/2020,0,NOW OPEN: LA 603 south of Tallulah in Madison Parish
8/14/2020,-1,"I-10, Jefferson and St. Charles Parish, S.P. No. H.013839"
8/14/2020,1,"LA 16, Livingston Parish, Road Closure, S.P. H.013230"
8/14/2020,1,***ROAD CLOSURE*** Iberville Parish Maringouin- LA 411 to LA 77
8/14/2020,1,***ROAD CLOSURE*** Iberville Parish
8/14/2020,1,"US 61: Bayou Manchac & Bayou Francois Bridges, Intermittent Lane Closures and New Traffic Pattern, East Baton Rouge & Ascension Parishes"
8/14/2020,1,"US 61: Bayou Manchac & Bayou Francois Bridges, Lane Closure, East Baton Rouge & Ascension Parishes**EXTENDED DATES**"
8/14/2020,1,"US 61: Bayou Manchac & Bayou Francois Bridges, Lane Closure, East Baton Rouge & Ascension Parishes"
8/14/2020,-1,H.011295 -- LA 73: Government St. -- East Baton Rouge Parish
8/14/2020,-1,H.011295 -- LA 73: Government St. -- East Baton Rouge Parish
8/14/2020,-1,H.012185 -- LA 3034: Sullivan Rd. -- East Baton Rouge Parish
8/14/2020,1,***LANE CLOSURE*** Pointe Coupee Parish
8/14/2020,0,"RESCHEDULED!! I-10 EB between MM 114.5 and Exit 115 - LA 347 (Henderson, Cecilia), St. Martin Parish, Alternating Lane Closures"
8/13/2020,-1,"LA-427 (S. Acadian Thruway): I-10 - LA-73 (Government St.), East Baton Rouge Parish"
8/13/2020,1,Emergency Lane Closure - I-10 WB (City Park Lake Bridge) - East Baton Rouge Parish
8/13/2020,-1,"US 90B, Orleans Parish"
8/13/2020,-1,"I-10 Williams Blvd. to I-10/I-610 Split, Jefferson Parish, H.009054"
8/13/2020,-1,"I-10, Jefferson Parish"
8/13/2020,0,** UPDATE*** Lane Closure CANCELLED*****DOTD announces upcoming I-110 lane closure in East Baton Rouge Parish
8/13/2020,-1,"LA 541 (River Road), Jefferson Parish, H.012553.6"
8/13/2020,1,"**UPDATE**  LA 1208-2 (Sterkx Road); Alexandria, Rapides Parish; H.014321; Road Closure"
8/13/2020,0,"LA 128, Franklin Parish *Update: OPEN*"
8/13/2020,1,"LA 16, Livingston Parish, Road Closure, S.P. H.013724"
8/13/2020,-1,"LA 18 (River Road), St. Charles Parish, S.P. H.012600"
8/13/2020,-1,"I-310, St. Charles Parish, S.P. H.012617"
8/13/2020,-1,"LA 3152 Clearview Pkwy W. Metairie to Argonne St., Jefferson Parish, H.012571"
8/13/2020,1,UPDATE: Intermittent lane closures on LA 14 southbound from 19th Street to Prien Lake Road – Calcasieu Parish
8/12/2020,1,"UPDATE: H.012076, LA 415: Improvements at Plantation Ave, West Baton Rouge Parish"
8/12/2020,-1,"US 90B, Crescent City Connection, Orleans Parish"
8/12/2020,-1,H.013579.6 – Interstate 10 (I-10) -- East Baton Rouge
8/12/2020,-1,"H.012395, LA 415 & US 190 Overlay, West Baton Rouge Parish"
8/12/2020,-1,"I-10, Orleans Parish, H.013587.6"
8/12/2020,1,***UPDATE***LA 384 (Big Lake Road) Southbound Lane Closure: MP 16.2 through MP 16.3 south of Black Bayou Bridge - Calcasieu Parish
8/12/2020,-1,"LA 47, St. Bernard Parish, H.013560.6"
8/12/2020,-1,"US 90, Jefferson and St. Charles Parish, H.012051.6"
8/12/2020,1,"**UPDATE** LA 3144 (Edgewood Dr.) at Susek Dr., Pineville, Rapides Parish;  H.008263;  Concrete Pouring"
8/12/2020,1,"EXTENDED!  I-10 EB between MM 114.5 & Exit 115 - LA 347 (Henderson, Cecilia), St. Martin Parish, Alternating Lane Closures"
8/12/2020,0,LA 69 (ASSUMPTION PARISH) ROAD CLOSURE - ROAD OPEN
8/12/2020,-1,"REVISED:  I-10, from Clearview Parkway to Causeway Boulevard, Jefferson Parish"
8/11/2020,-1,"US 61 from RR Overpass to LA 50, in Jefferson & St. Charles Parish, S.P. No H.000320"
8/11/2020,1,LA 27 ELLENDER BRIDGE (OVER INTRACOASTAL WATERWAY) MP 71.4 ALTERNATING LANE CLOSURE – CALCASIEU PARISH
8/11/2020,1,"I-10 WB from MM 108 (Bayou Teche) to MM 107 (Weigh Station), Lafayette Parish, Lane Closure"
8/11/2020,1,ST. TAMMANY PARISH - I-10: LANE CLOSURES (SLIDELL)
8/11/2020,1,ST. TAMMANY PARISH – I-10: SLIDELL RAMP CLOSURES
8/11/2020,-1,ST. TAMMANY PARISH – I-10: MEDIAN PROTECTION-OAK HARBOR LIGHT/RAMP
8/11/2020,1,LA 384 (Country Club Road – Westbound) and LA 384 (Big Lake Road – Southbound) Intermittent Lane Closures: Weaver Road to Vincent Road - Calcasieu Par
8/10/2020,-1,"US 90, Crescent City Connection, Orleans Parish"
8/10/2020,-1,"LA 128, Franklin Parish"
8/10/2020,1,I-10 full closure from Exit 25 to Exit 34 – Calcasieu Parish
8/10/2020,-1,"LA 47, St. Bernard Parish, H.013560.6"
8/10/2020,-1,ST. TAMMANY PARISH - I-12: US 190 TO LA 59
8/10/2020,-1,"US 90, Danziger Bridge, US 90, SP# H.000303.6"
8/10/2020,1,"ROAD CLOSURE: LA 191 at Toledo Bend Spillway, Sabine Parish"
8/10/2020,1,"LA 1158, Evangeline Parish, Bridge Closure"
8/10/2020,-1,"REVISED: LA 611-1 (River Road) from Arnoult Road to Highway Drive, Jefferson Parish, S.P. No H.01216"
8/10/2020,-1,"I-10, Jefferson and St. Charles Parish, S.P. No. H.013839"
8/10/2020,-1,LA 1 Railroad Bridge; West Baton Rouge Parish
8/10/2020,1,LA 10 WB Lane Closure in West Feliciana Parish
8/10/2020,1,LA 73 Lane Closure @ Manchac Bridge
8/8/2020,0,"DOTD announces opening of Susek/LA 3144 Roundabout in Pineville, Rapides Parish"
8/7/2020,1,I-10EB (EAST BATON ROUGE PARISH) HIGHLAND ROAD EB OFF RAMP CLOSURE
8/7/2020,-1,I-10EB (EAST BATON ROUGE PARISH) MM 164 TO MM 167
8/7/2020,-1,Highland Road (LA 948) -- East Baton Rouge Parish
8/7/2020,-1,H.013331 -- LA 427: Perkins Rd. -- East Baton Rouge Parish
8/7/2020,-1," US 90 (CCC), Orleans Parish"
8/7/2020,0,NOW OPEN: LA 589 near Redwing in West Carroll Parish
8/7/2020,1,***LANE CLOSURE***LA 1 SB (Outside) and LA 1 NB (Inside) at Bayou Plaquemine Bridge
8/7/2020,1,"LA 16, Livingston Parish, Road Closure, S.P. H.013230"
8/7/2020,1,"LA 16, Livingston Parish, Road Closure, S.P. H.013230"
8/7/2020,-1,"LA-427 (S. Acadian Thruway): I-10 - LA-73 (Government St.), East Baton Rouge Parish"
8/7/2020,-1,"LA 3152 Clearview Pkwy W. Metairie to Argonne St., Jefferson Parish, H.012571"
8/7/2020,-1,"I-310, St. Charles Parish, S.P. H.012617"
8/6/2020,1,"I-10 EB & WB from Exit 109 - LA 328 (Breaux Bridge) to MM 112 (Bordelon Rd Overpass), St. Martin Parish, Alternating Lane Closures"
8/6/2020,1,"I-10 EB from MM 108 (Bayou Teche) to Exit 109 - LA 328 (Breaux Bridge), Lafayette/St. Martin Parish, Lane Closure"
8/6/2020,1,"I-10 WB at Exit 103B (I-49/US 167 North), Lafayette Parish, Intermittent Ramp Closure"
8/6/2020,1,"LA 1026, Livingston Parish, Lane Closure, S.P. H.011824"
8/6/2020,1,"LA 16, Livingston Parish, Road Closure, S.P. H.013724"
8/6/2020,-1,ST. TAMMANY PARISH- LA40: TCHEFUNCTE RIVER BRIDGE
8/6/2020,-1,DATE EXTENSION: ST. TAMMANY & WASHINGTON PARISH – LA 16 BRIDGES (SUN/ISABEL)
8/6/2020,1,"I-10 WB from Exit 104 - Louisiana Avenue to MM 103, Lafayette Parish, Lane Closure"
8/6/2020,1,"I-10 Westbound at Louisiana Avenue, Lafayette Parish, Intermittent Ramp Closure"
8/6/2020,1,"LA 44: Between LA 3213 and LA 54, Road Closure, St. John the Baptist Parish"
8/6/2020,1,LA 383 Northbound Intermittent Lane Closure: Railroad Avenue (MP 0.4) to just South of LA 3059 (MP 2.7) in Iowa – Calcasieu Parish and Jefferson Davis
8/6/2020,0,"H.001557-LA 4, Caldwell Parish, Road Closure Notice (Update: OPEN)"
8/6/2020,-1,"LA 18 (River Road), St. Charles Parish, S.P. H.012600"
8/6/2020,1,"LA 182 (W. Main Street) between S. Lasalle Street & N. North Street, Iberia Parish, Lane Closure"
8/6/2020,-1,"LA 541, Jefferson Parish, H.012553.6"
8/5/2020,1,"I-49 NB & SB from I-10 to the St. Landry Parish Line, Lafayette Parish, Alternating Lane Closures"
8/5/2020,1,"UPDATE - ROAD/LANE CLOSURE: I-220 westbound near Benton Road, Bossier Parish"
8/5/2020,-1,"I-10, Orleans Parish, H.013587.6"
8/5/2020,-1,"REVISED: LA 47, St. Bernard Parish, H.013560.6"
8/5/2020,1,St. Tammany Parish - LA 41 (Dump Road - LA 435) - Lane Closure
8/5/2020,1,Intermittent lane closures on LA 14 southbound – Calcasieu Parish
8/5/2020,1,"I-12, Livingston Parish, Lane Closure, S.P. H.011278"
8/5/2020,-1,"US 90, Crescent City Connection, Orleans Parish,"
8/5/2020,1,I-10 WB lane closures between MM 22 and Exit 21 (LA 27/Beglis Pkwy) – Calcasieu Parish
8/5/2020,1,*** UPDATE**** DOTD announces upcoming La 3246 (Siegen Lane) Lane closures in East Baton Rouge Parish
8/5/2020,1,US 90 Business (Broad Street) Westbound Right Lane Closure at South Lyons Street (MP 0.78) - Calcasieu Parish
8/5/2020,-1,ST. TAMMANY PARISH – LA 59: Roundabout at Lonesome Rd.
8/5/2020,-1,H.011295 -- LA 73: Government St. -- East Baton Rouge Parish
8/5/2020,-1,Terrebonne Parish- LA 20/ LA 24 (West Main)
8/5/2020,1,LA 944 - Road CLOSURE
8/4/2020,-1,"US 61 from RR Overpass to LA 50, in Jefferson & St. Charles Parish, S.P. No H.000320"
8/4/2020,-1,"US 61, Southbound, (Airline Highway), St. Charles Parish"
8/4/2020,-1,ST. TAMMANY PARISH - I-12: US 190 TO LA 59
8/4/2020,1,***UPDATE***LA 27 (South Pine Street) Southbound Lane Closure between West 3rd Street to West 4th Street – Beauregard Parish
8/4/2020,-1,US 171 Northbound and Southbound Shoulder Closures: Twin Oaks Road to Shirley Loop (MP 41.2) - Beauregard Parish
8/4/2020,1,UPDATE: Intermittent lane closures at the intersection of LA 385 (Ryan Street)/LA 384 (University Drive) – Lake Charles – Calcasieu Parish
8/4/2020,-1,DOTD announces upcoming I-110 lane closures in East Baton Rouge Parish
8/4/2020,1,"Crescent City Connection, HOV Lanes, Orleans Parish, Complete Closure"
8/4/2020,-1,"US 90, Crescent City Connection, Orleans Parish"
8/4/2020,1,LANE CLOSURE: I-20 EB at LA 507 Overpass (Exit 77) in Lincoln Parish
8/3/2020,1,"I-10 WB between MM 117.5 & 114.5, St. Martin Parish, Alternating Lane Closures"
8/3/2020,-1,LA 70 – Sunshine Bridge
8/3/2020,0,LA 3066 (IBERVILLE PARISH) EMERGENCY ROAD CLOSURE - OPEN
8/3/2020,1,Full closure on LA 14 between Monroe Street and Derek Drive - Calcasieu Parish
8/3/2020,-1,"Harvey Tunnel on US 90B, Jefferson Parish"
8/3/2020,1,"I-12, Livingston Parish, Westbound Entrance and Exit Ramp Closures, S.P. H.012875"
8/3/2020,-1,"LA 52 (Paul Mallard), from LA 18 to US 90, St. Charles Parish"
8/3/2020,1,"Crescent City Connection Ramp Closures, Orleans Parish"
8/3/2020,-1,LA 1 – Concienne Canal Bridge
8/3/2020,-1,LA 1008 – Lafourche Bayou (Franklin Ave.)
8/1/2020,0,"UPDATE - REOPENED: LA 534 bridge over Branch, near Ruple, Claiborne Parish"
7/31/2020,,Replacement of Palmetto Creek Bridge on LA 27 is complete – Beauregard Parish
7/31/2020,,LA 73/OLD JEFFERSON HIGHWAY (ASCENSION PARISH) LANE CLOSURE - UPDATE
7/31/2020,,"I-10, Jefferson and St. Charles Parish, S.P. No. H.013839"
7/31/2020,,"UPDATE- JOB CANCELED:  I-10, Jefferson and St. Charles Parish, S.P. No. H.013839"
7/31/2020,,H.011295 -- LA 73: Government St. -- East Baton Rouge Parish
7/31/2020,,Intermittent lane closures on LA 389 – Beauregard Parish
7/31/2020,,"I-10 EB & WB from MM 103 (Bayou Coulee) to MM 104 (Vermilion River), Lafayette Parish, Lane Closure H.003003"
7/31/2020,,H.013483 -- LA 327: River Road -- East Baton Rouge Parish
7/31/2020,,"I-10, Jefferson and St. Charles Parish, S.P. No. H.013839"
7/30/2020,,"LA 541, Jefferson Parish, H.012553.6"
7/30/2020,,"REVISED: LA 3152 Clearview Pkwy W. Metairie to Argonne St., Jefferson Parish, H.012571"
7/30/2020,,NOW OPEN: LA 134 near Epps in West Carroll Parish
7/30/2020,,"LA-427 (S. Acadian Thruway): I-10 - LA-73 (Government St.), East Baton Rouge Parish"
7/30/2020,,LA 385 (Ryan Street) Southbound Right Lane Closure: Eddy Street to Lucille Street - Calcasieu Parish
7/30/2020,,I-10 EB - HIGHLAND ROAD EB OFF RAMP CLOSURE (EAST BATON ROUGE PARISH)
7/30/2020,,"EMERGENCY ROAD CLOSURE - I-55 SERVICE ROAD (OLD US 51 LOW ROAD), ST. JOHN THE BAPTIST PARISH"
7/30/2020,,"US 190 Eastbound and Westbound between the I-49 Interchange and Port Barre, St. Landry Parish – Intermittent Lane Closures"
7/30/2020,,DATE EXTENSION - ST. TAMMANY PARISH - I-12: US 190 TO LA 59
7/30/2020,,"US 90, Jefferson and St. Charles Parish, H.012051.6"
7/30/2020,,"LA 541, Jefferson Parish, H.012553.6"
7/29/2020,,I-10 WB - HIGHLAND ROAD BRIDGE LANE CLOSURE (EAST BATON ROUGE PARISH)
7/29/2020,,I-10 EB - HIGHLAND ROAD EB ON RAMP CLOSURE (EAST BATON ROUGE PARISH)
7/29/2020,,I-10 EB LANE CLOSURE- MM 162 to MM 169 (EAST BATON ROUGE PARISH)
7/29/2020,,"LA 20 Bayou Chevreuil Bridge Intermittent Lane Closures, St. James/Lafourche Parish"
7/29/2020,,"ROAD CLOSURE: LA 191 at Toledo Bend Spillway, Sabine Parish"
7/29/2020,,"US 90 (S. Claiborne Avenue), Orleans Parish"
7/29/2020,,"I-10, exit ramps to I-510, Orleans Parish"
7/29/2020,,"LA 18 (River Road), St. Charles Parish, S.P. H.012600"
7/29/2020,,"I-310, St. Charles Parish, S.P. H.012617"
7/29/2020,,"LA 22: LA 42 – YELLOW WATER RIVER – LIVINGSTON PARISH, TANGIPAHOA PARISH - STATE PROJECT H.013113"
7/29/2020,,UPDATE *** Closure postponed to Thursday Morning*** DOTD announces upcoming LA 42 (Burbank)  road closures in Baton Rouge
7/28/2020,,"I-10, Jefferson and St. Charles Parish, S.P. No. H.011670"
7/28/2020,,"I-10 WB from Exit 109 - LA 328 (Breaux Bridge) to Exit 104 - Louisiana Avenue, St. Martin & Lafayette Parish, Lane Closure"
7/28/2020,,"I-10 EB & WB, Acadia & Lafayette Parish, Alternating Lane Closures for Spraying Operation"
7/28/2020,,"US 51 - Amite, Tangipahoa Parish"
7/28/2020,,US 61 - W FEL PARISH; LA/MISS STATE LINE LANE CLOSURE
7/28/2020,,"I-10: NO East Drain Canal Bridge Replacement, Orleans Parish, SP# H.010018.6"
7/28/2020,,ST. TAMMANY PARISH - I-12: LA 21 TO US 190
7/28/2020,,"US 90 Danziger Bridge, Orleans Parish, SP# H.000303.6"
7/28/2020,,"I-10, Orleans Parish"
7/27/2020,,"LA 134 in Ouachita Parish, Road Closure; SP H.008221"
7/27/2020,,"**REOPENED** LA 40, Water On Roadway, Tangipahoa Parish"
7/27/2020,,"LA 1026, Livingston Parish, Lane Closure, S.P. H.011189  *** RESCHEDULED***"
7/27/2020,,"RESCHEDULED!! I-10 EB & WB from Exit 109 - LA 328 (Breaux Bridge) to MM 112 (Bordelon Road Overpass), St. Martin Parish, Alternating Lane Closures"
7/24/2020,,"ROAD/LANE CLOSURE: Swan Lake Road at I-220, Bossier Parish"
7/24/2020,,"UPDATE: CANCELED - US 90, EB - (Claiborne Avenue), Orleans Parish"
7/24/2020,,REMINDER: DOTD to replace bridges on LA 27 (Beglis Parkway) in Sulphur – Calcasieu Parish
7/24/2020,,"I-12, Livingston Parish, Lane Closure, S.P. H.011278"
7/24/2020,,ST. TAMMANY PARISH – LA 40: TCHEFUNCTE RIVER BRIDGE
7/24/2020,,H.013331 -- LA 427: Perkins Rd. -- East Baton Rouge Parish
7/24/2020,,H.013483 -- LA 327: River Road -- East Baton Rouge Parish
7/23/2020,,"US 90 Danziger Bridge, Orleans Parish, (SP# H.000303.6)"
7/23/2020,,"UPDATE: US 90 Danziger Bridge, Orleans Parish, SP# H.000303.6"
7/23/2020,,"LA-427 (S. Acadian Thruway): I-10 - LA-73 (Government St.), East Baton Rouge Parish"
7/23/2020,,"LA 94 (West Mills Avenue) at the Railroad Crossing, St. Martin Parish, Road Closure"
7/23/2020,,"RESCHEDULED!!  LA 13 (North Parkerson Avenue) between East 12th Street and East 10th Street, Acadia Parish, Lane Closure"
7/23/2020,,"RESCHEDULED!!  LA 94 (West Mills Avenue) EB & WB at the Railroad Crossing, St. Martin Parish, Road Closure"
7/23/2020,,US 165 in Ouachita Parish; Lane Closure; SP No. H.008221
7/23/2020,,"LA 3152 Clearview Pkwy W. Metairie to Argonne St., Jefferson Parish, H.012571"
7/23/2020,,"I-10, Orleans Parish, H.013587.6"
7/23/2020,,"US 90, EB - (Claiborne Avenue), Orleans Parish"
7/22/2020,,"**REOPENED** LA 1054, 0.4 miles north of LA 16, Tangipahoa Parish"
7/22/2020,,REVISED-ST. TAMMANY PARISH- I-12: US 190 TO LA 59
7/22/2020,,I-10 HIGHLAND ROAD ON/OFF RAMPS (EAST BATON ROUGE PARISH)
7/22/2020,,OPEN - RANDALL RD. BRIDGE – TANGIPAHOA - STATE PROJECT H.011527
7/22/2020,,I-10 WB & EB (EAST BATON ROUGE PARISH) LANE CLOSURES - HIGHLAND RD. BRIDGE
7/22/2020,,I-10 EB (EAST BATON ROUGE PARISH) LANE CLOSURE - MM 164 TO MM 169
7/22/2020,,I-10 WB (EAST BATON ROUGE PARISH) LANE CLOSURE - HIGHLAND RD. BRIDGE TO MM 164
7/22/2020,,I-10 EB (EAST BATON ROUGE PARISH) MM 165 TO MM 169
7/22/2020,,I-10 EB (EAST BATON ROUGE PARISH) HIGHLAND RD. BRIDGE TO MM169
7/22/2020,,"I-310, St. Charles Parish, S.P. H.012617"
7/22/2020,,"I-10, EB - Orleans Parish S.P. # H.010018.6"
7/22/2020,,"LA 1026, Livingston Parish, Lane Closure, S.P. H.011824 ** REVISED **"
7/22/2020,,"LA 611-1 (River Road) from Arnoult Road to Highway Drive, Jefferson Parish, S.P. No H.012161"
7/22/2020,,DOTD announces upcoming I-110 Lane closures in East Baton Rouge Parish
7/22/2020,,"LA 16, Livingston Parish, Road Closure, S.P. H.013230"
7/22/2020,,DOTD announces upcoming LA 426 (Old Hammond Highway) lane closures in East Baton Rouge Parish
7/21/2020,,"US 90 Danziger Bridge, Orleans Parish, SP# H.000303.6"
7/21/2020,,US 171 over Calcasieu River (MP 3.5) NORTHBOUND AND SOUTHBOUND RIGHT LANE CLOSURE – CALCASIEU PARISH
7/21/2020,,UPDATE: Road closure on LA 3256 (Manchester Road) – Calcasieu Parish
7/21/2020,,UPDATE: Rescheduled - Road closure on LA 383 (North Thompson Avenue) – Iowa - Calcasieu Parish
7/21/2020,,US 190 in Pointe Coupee Parish
7/21/2020,,"I-10, Orleans Parish, H.013587.6"
7/21/2020,,"EXTENDED!!  I-10 WB from Exit 115 - LA 347 (Henderson, Cecilia) to MM 114.5, St. Martin Parish, Alternating Lane Closures"
7/21/2020,,"I-10 WB from Exit 115 - LA 347 (Henderson, Cecilia) to MM 114.5, St. Martin Parish, Alternating Lane Closures"
7/21/2020,,LANE CLOSURE: St. Tammany Parish LA 41 (Dump Road – LA 435)
7/21/2020,,***UPDATE***US 171 over Calcasieu River (MP 3.5) NORTHBOUND AND SOUTHBOUND RIGHT LANE CLOSURE HAS BEEN RESCHEDULED– CALCASIEU PARISH
7/20/2020,,**EMERGENCY BRIDGE CLOSURE** LA 1; Simmesport Bridge; over Atchafalaya River; Avoyelles Parish
7/20/2020,,LANE CLOSURES: I-20 EB at LA 507 Overpass
7/20/2020,,"LA 47, Orleans & St. Bernard Parish, H.013560.6"
7/20/2020,,"Harvey Tunnel Full Closure, Jefferson Parish"
7/20/2020,,"LA 3152 Clearview Pkwy W. Metairie to Argonne St., Jefferson Parish, H.012571"
7/20/2020,,"LA 16, Livingston Parish, Road Closure, S.P. H.013230"
7/17/2020,,Lafourche Parish- La 316- Bayou Blue Pontoon Bridge---BACK IN SERVICE
7/17/2020,,"I-10, Orleans Parish, H.013587.6"
7/17/2020,,"LA 3125: Improvements at LA 642 Intermittent Lane Closures, St. James Parish"
7/17/2020,,"LA-42 (Burbank Dr): LA-30 - Gardere Lane, East Baton Rouge Parish"
7/17/2020,,"LA-427 (S. Acadian Thruway): I-10 - LA-73 (Government St.), East Baton Rouge Parish"
7/17/2020,,US 90 Business (Broad St.) Westbound Right Lane Closure: McNabb St. (MP 2.2) through Enterprise Blvd. (MP 2.0) - Calcasieu Parish
7/17/2020,,"I-10, Jefferson and St. Charles Parish, S.P. No. H.013839"
7/17/2020,,UPDATE: Alternating lane closures on LA 397– Calcasieu Parish
7/16/2020,,I-10 WB (EAST BATON ROUGE PARISH) ALTERNATING LANE CLOSURE
7/16/2020,,I-10 WB (EAST BATON ROUGE) LANE CLOSURE
7/16/2020,,DOTD announces upcoming LA 3045 (Capital Access Rd.) Lane closure in East Baton Rouge Parish
7/16/2020,,"I-10 eastbound from mile marker 114.5 to Exit 115 - LA 347 (Henderson, Cecilia), St. Martin Parish, Alternating Lane Closures"
7/16/2020,,US 167 (North) over Bear Creek; Grant Parish; Lane Reduction
7/16/2020,,"EXTENDED!!  I-10 EB & WB on the Atchafalaya Basin Bridge from MM 117 to MM 141, St. Martin/Iberville Parish, Alternating Lane & Shoulder Closures"
7/16/2020,,"US 90 EB & WB on the Atchafalaya River Bridge, Bayou Ramous Bridge & Bayou Boeuf Bridge, St. Mary Parish, Alternating Lane Closures"
7/16/2020,,"NOW OPEN!! - Emergency Lane Closure for Bridge Repairs, I-10 Eastbound at milepost 73.6 in Egan, Acadia Parish"
7/15/2020,,"I-10 EB & WB from I-49 (MM 103) to Exit 109- LA 328 (Breaux Bridge), Lafayette/St. Martin Parish, Intermittent Short Term Lane Closures"
7/15/2020,,"I-10 WB from MM 108 (Bayou Teche) to MM 107 (WB Weigh Station), St. Martin Parish, Lane Closure"
7/15/2020,,"US 90 (Claiborne Ave) between General Ogden & Cambronne Street, Orleans Parish"
7/15/2020,,"LA 42 Widening and Improvements, Lane Shift, Ascension Parish"
7/15/2020,,ST. TAMMANY PARISH – LA 59: Roundabout at Lonesome Rd
7/15/2020,,"I-10 - Orleans Parish, S.P. # H.012602.6"
7/15/2020,,"US 90 Eastbound & Westbound, St. Mary Parish, Lane Closures"
7/15/2020,,"I-10 - Orleans Parish, S.P. # H.012602.6"
7/15/2020,,"I-10 - Jefferson Parish, H.011670"
7/15/2020,,H.011295 -- LA 73: Government St. -- East Baton Rouge Parish
7/15/2020,,H.013331 -- LA 427: Perkins Rd. -- East Baton Rouge Parish
7/15/2020,,I-12 EB and La-21 Interchange: Road Inspection
7/15/2020,,US 165 in Ouachita Parish; Lane Closure; SP No. H.008221
7/15/2020,,US 165 in Ouachita Parish; Lane Closure; SP No. H.008221
7/15/2020,,"I-310, St. Charles Parish, S.P. H.012617"
7/14/2020,,"RAMP CLOSURE: LA 3132 on-ramp from Walker Road, Caddo Parish"
7/14/2020,,"US 90, Danziger Bridge - (SP# H.000303.6)"
7/14/2020,,"RAMP CLOSURES: I-20 at Exit 38 (Goodwill Road), Webster Parish"
7/14/2020,,"I-55 & I-12 DISTRICT WIDE OGFC SPOT REPAIR – LIVINGSTON, ST. TAMMANY, & TANGIPAHOA PARISHES - STATE PROJECT H.013903"
7/14/2020,,"I-10, Orleans Parish, H.013587.6"
7/14/2020,,I-55: OVERHEAD SIGN UPGRADE – TANGIPAHOA PARISH - STATE PROJECT H.013845
7/14/2020,,US-61 On Ramp to I-10 - Closure - Ascension Parish
7/14/2020,,Update: I-20 Eastbound Lane Closures/ Lincoln Parish; Westbound now Open
7/14/2020,,I-12 EASTBOUND at the I-55 INTERCHANGE- TANGIPAHOA PARISH
7/13/2020,,RESCHEDULED - LANE CLOSURE: I-49 Southbound Lane at LA 3250 (Sugarhouse Road); Rapides Parish
7/13/2020,,"LA 176 (Moss Street) NB & SB under the I-10 Overpass, Lafayette Parish, Road Closure"
7/13/2020,,"Louisiana Avenue NB & SB under the I-10 Overpass, Lafayette Parish, Alternating Lane Closures"
7/13/2020,,ST. TAMMANY PARISH - I-12: US 190 TO LA 59
7/13/2020,,"UPDATE - NOW OPEN: LA 3049 near Cash Point, Caddo Parish"
7/13/2020,,"REMINDER TO PUBLIC - LA 733 (East Broussard Road) & Kaliste Saloom Road, Lafayette Parish, Traffic Switch"
7/13/2020,,Canceled - US 90 Danziger Bridge
7/13/2020,,"LA 16, Livingston Parish, Road Closure, S.P. H.013230"
7/10/2020,,"NOW OPEN - LA 1252 at Bayou Vermilion Bridge, Lafayette Parish, Emergency Bridge Closure"
7/10/2020,,UPDATE: Reopend - Road closure on LA 397 – Calcasieu Parish
7/10/2020,,"I-10, Orleans Parish"
7/10/2020,,"REVISED: SHOULDER CLOSURE: US 61, from RR Overpass to LA 50, in Jefferson & St. Charles Parish, S.P. No H.000320"
7/10/2020,,I-10 WB (EAST BATON ROUGE PARISH) LANE CLOSURE
7/10/2020,,I-10 eastbound to I-210 eastbound ramp closure – Calcasieu Parish
7/10/2020,,"NOW OPEN - EMERGENCY ROAD CLOSURE - LA 343 (South Richfield Road) from LA 720 (West Congress Street) to US 90, Lafayette Parish, Road Closure"
7/10/2020,,"EXTENDED - US 167 (Johnston Street) Northbound & Southbound from Maurice to West & East Broussard Road, Vermilion/Lafayette Parish, Lane Closure"
7/10/2020,,"I-10, Jefferson and St. Charles Parish, S.P. No. H.013829"
7/10/2020,,Nighttime lane closure: I-10 WB between LA 108 and I-210 – Calcasieu Parish
7/10/2020,,"I-10, Orleans Parish, H.013587.6"
7/10/2020,,I-10 WB (EAST BATON ROUGE PARISH) LANE CLOSURE
7/10/2020,,I-10 WB (EAST BATON ROUGE PARISH) LANE CLOSURE
7/10/2020,,"EXTENDED  I-10 EB from MM 108 (Bayou Teche) to Exit 109 - LA 328 (Breaux Bridge), St. Martin Parish, Lane Closure"
7/10/2020,,"I-10 WB from MM 108 (Bayou Teche) to MM 107 (WB Weigh Station), St. Martin Parish, Lane Closure"
7/10/2020,,UPDATE: New time - Road closure on LA 109 – Calcasieu Parish
7/10/2020,,"I-12, Livingston Parish, Lane Closure, S.P. H.011278"
7/9/2020,,Emergency Road Closure; LA 468: 0.3 miles east of US 171 intersection; Vernon Parish
7/9/2020,,"I-10, St. Charles Parish, H.014301"
7/9/2020,,"REVISED:  I-310, St. Charles Parish, S.P. H.012617"
7/9/2020,,"EXTENDED - I-10 Eastbound between MM 114 & MM 117, St. Martin Parish, Alternating Lane Closures"
7/9/2020,,*** UPDATE*** DOTD announces upcoming US 190 lane closures in East Baton Rouge Parish
7/9/2020,,District 08 Various Routes; H.013604; State Hwy Sign Replacement Project
7/9/2020,,DOTD announces upcoming LA 67 (Plank Rd) Lane closures in East Baton Rouge Parish
7/9/2020,,"LA-427 (S. Acadian Thruway): I-10 - LA-73 (Government St.), East Baton Rouge Parish"
7/9/2020,,"LA 30 @ Lee Dr./ Brightside Ln, East Baton Rouge"
7/9/2020,,"REVISED: I-10 Exit Ramp to Tulane Avenue, Orleans Parish"
7/9/2020,,ST. TAMMANY PARISH – LA 40: TCHEFUNCTE RIVER BRIDGE
7/8/2020,,Nighttime lane closure: I-10 EB between LA 108 and I-210 – Calcasieu Parish
7/8/2020,,H.011295 -- LA 73: Government St. -- East Baton Rouge Parish
7/8/2020,,"US 90 (S. Clairborne Avenue), Orleans Parish"
7/8/2020,,TEST
7/8/2020,,"LA 541 (River Road), Jefferson Parish, H.012553.6"
7/8/2020,,SECOND DATE REVISION- ST. TAMMANY PARISH - I-12: US 190 TO LA 59
7/8/2020,,"ROAD CLOSURE: LA 835 in Morehouse Parish near Jones, LA"
7/7/2020,,"I-10, Orleans Parish, H.013587.6"
7/7/2020,,"CORRECTION - BRIDGE CLOSURE: LA 1 (Simmesport Bridge) over Atchafalaya River, Avoyelles Parish"
7/7/2020,,ST. TAMMANY PARISH - I-10: LANE CLOSURES (SLIDELL) S.P. H.011024
7/7/2020,,St. Tammany Parish - LA 41 (Dump Road - LA 435) - Lane Closures
7/7/2020,,"I-12, Livingston Parish, Lane Closure, S.P. H.011278"
7/6/2020,,LA 42 (EAST BATON ROUGE PARISH) ROAD CLOSURE
7/6/2020,,I-10  (EAST BATON ROUGE PARISH) LANE CLOSURE
7/6/2020,,***UPDATE*** Roadway Now CLEAR***Roadway Flooded**** I-110 @ Governor's Curve East Baton Rouge
7/6/2020,,*** UPDATE*** I 110 Road Closure BOTH Directions due to Flooding from Capitol Access Road to N. 22nd Street
7/6/2020,,ROAD CLOSURE I-10 WB off ramp to Port Allen Lane (LA 1 North) West Baton Rouge Parish
7/6/2020,,"LA 677 between West St. Peter Steet & West Main Street, Iberia Parish, Lane Closure"
7/6/2020,,"US 90 Danziger Bridge, Orleans Parish, SP# H.000303.6"
7/6/2020,,"LA 182 (North Main Street) near Littell Street, St. Landry Parish, Lane Closure"
7/6/2020,,"LA 47, Orleans & St. Bernard Parish, H.013560.6"
7/2/2020,,"LA 22 - Partial Lane Closure -  Project #: H.013113 - Livingston Parish, Tangipahoa Parish"
7/2/2020,,"LA 22 - Partial Lane Closure -  Project #: H.013113 - Livingston Parish, Tangipahoa Parish"
7/2/2020,,H.011295 -- LA 73: Government St. -- East Baton Rouge Parish
7/2/2020,,"I-10, Orleans Parish, H.013587.6"
7/2/2020,,"I-10, Jefferson and St. Charles Parish, S.P. No. H.013839"
7/2/2020,,"UPDATE:  I-10, Orleans Parish, SP# H.010018.6"
7/2/2020,,LA-77 Road Closure at Union Pacific Railroad Crossing (Milepost 43.955)
7/2/2020,,Intermittent Lane Closures on LA 14 NB – Calcasieu Parish
7/2/2020,,Nighttime lane closure: I-10 EB and WB between LA 108 and I-210 – Calcasieu Parish
7/2/2020,,ST. TAMMANY PARISH - I-12: US 190 TO LA 59
7/2/2020,,I-55 - Partial Lane Closure -  Project #: H.012874 - Tangipahoa Parish
7/2/2020,,I-55 - Partial Lane Closure -  Project #: H.012874 - Tangipahoa Parish
7/2/2020,,I-55 - Partial Lane Closure -  Project #: H.012874 - Tangipahoa Parish
7/2/2020,,I-55 - Partial Lane Closure -  Project #: H.012874 - Tangipahoa Parish
7/2/2020,,I-55 - Partial Lane Closure -  Project #: H.012874 - Tangipahoa Parish
7/2/2020,,I-55 - Partial Lane Closure -  Project #: H.012874 - Tangipahoa Parish
7/2/2020,,I-55 - Partial Lane Closure -  Project #: H.012874 - Tangipahoa Parish
7/2/2020,,I-55 - Partial Lane Closure -  Project #: H.012874 - Tangipahoa Parish
7/2/2020,,"LA 3125: Improvements at LA 642 Lane Closure, St. James Parish"
7/2/2020,,"I-10 Eastbound between MM 114 & MM 117, St. Martin Parish, Alternating Lane Closures"
7/2/2020,,US 165 in Ouachita Parish; Lane Closure; SP No. H.008221
7/2/2020,,"LA 16, Livingston Parish, Road Closure, S.P. H.013230"
7/2/2020,,DOTD announces upcoming US 190 road closures in East Baton Rouge Parish
7/2/2020,,"I-310, St. Charles Parish, S.P. H.012617"
7/2/2020,,"LANE CLOSURE: LA 3094 (Hearne Ave.) bridge over KCS RR, Caddo Parish"
7/2/2020,,UPDATED DATES: LA 14 (Gerstner Memorial Drive) Northbound lanes and center turn lane Intermittent Closures: MP 2 - Calcasieu Parish
7/1/2020,,LA 16 - Partial Lane Closure -  Project #: H.013230 - Livingston Parish
7/1/2020,,LA 16 - Partial Lane Closure -  Project #: H.013230 - Livingston Parish
7/1/2020,,LA 16 - Partial Lane Closure -  Project #: H.013230 - Livingston Parish
7/1/2020,,LA 16 - Partial Lane Closure -  Project #: H.013230 - Livingston Parish
7/1/2020,,LA 16 - Partial Lane Closure -  Project #: H.013230 - Livingston Parish
7/1/2020,,LA 16 - Partial Lane Closure -  Project #: H.013230 - Livingston Parish
7/1/2020,,LA 16 - Partial Lane Closure -  Project #: H.013230 - Livingston Parish
7/1/2020,,LA 16 - Partial Lane Closure -  Project #: H.013230 - Livingston Parish
7/1/2020,,LA 16 - Partial Lane Closure -  Project #: H.013230 - Livingston Parish
7/1/2020,,"LA-427 (S. Acadian Thruway): I-10 - LA-73 (Government St.), East Baton Rouge Parish"
7/1/2020,,"LA 30 @ Lee Dr./ Brightside Ln, East Baton Rouge"
7/1/2020,,"LA-42 (Burbank Dr): LA-30 - Gardere Lane, East Baton Rouge Parish"
7/1/2020,,ROAD CLOSURE: LA 146 / LINCOLN PARISH
7/1/2020,,UPDATE Traffic Shift 7/2/2020:  LA 616 (Arkansas Road)  & Good Hope Road - Ouachita Parish
7/1/2020,,"LANE CLOSURE: LA 511 (Jimmie Davis Hwy) Bridge over Red River, Bossier & Caddo Parishes"
7/1/2020,,"UPDATED: I-10, Orleans Parish, H.013587.6"
7/1/2020,,"LANE CLOSURE: I-20 westbound bridge over UPRR tracks, Caddo Parish"
7/1/2020,,"LANE CLOSURE: I-20 eastbound bridge over UPRR tracks, Caddo Parish"
7/1/2020,,"LANE CLOSURE: LA 2 (Miller’s Bluff) bridge over Red River, Bossier Parish"
7/1/2020,,UPDATE: US 171 (RAGLEY) SOUTHBOUND LEFT LANE CLOSURE - BEAUREGARD PARISH
7/1/2020,,Alternating Lane Closures on LA 14 SB – Calcasieu Parish
