Index,User,Text,Date,Favorites,Retweets,Mentions,HashTags,streets,highways,exits,markers,road_closed,predictions,query,query_string,lat,lng,query_score,field_score
555,TotalTrafficHOU,Stalled vehicle affects the connecting ramp to w. loop 610 in #NwSide on US-290 NW EB at The W Lp #traffic http://bit.ly/17hsIjn,2020-08-28 14:30:43+00:00,0,0,,#NwSide #traffic,[],['us-290'],[],[],0.0,1.0,'us-290',us-290,30.44335,-91.18664,0.77,"{'country': 1.0, 'state': 0.89}"
488,TotalTrafficHOU,"Accident cleared in #Downtown on US-69 SW Fwy Inbound at US-59 Hov Lane/Main St, stop and go traffic back to Shepherd / Greenbriar #traffic http://bit.ly/17hsIjn",2020-08-28 23:25:43+00:00,0,0,,#Downtown #traffic,"['hov lane', 'main st']",['us-69'],[],[],,1.0,"'hov lane', 'main st','us-69'",hov+lane%2C++main+st%2C+us-69,29.99594,-91.79994,0.68,"{'country': 1.0, 'state': 0.89, 'streets': [0.95]}"
195,iembot_shv,"At 7:30 AM CDT, 7 NNW Hemphill [Sabine Co, TX] BROADCAST MEDIA reports HURRICANE. HIGHWAY 21 NEAR HIGHWAY 103 WAS CLOSED DUE TO MULTIPLE FALLEN TREES. OTHER TREES WERE DOWNED AT MADDUX CREEK, FM 276, AND FM 2024. https://mesonet.agron.iastate.edu/lsr/#SHV/202008271230/202008271230",2020-08-27 21:51:06+00:00,0,1,,,[],"['highway 21', 'highway 103']",[],[],1.0,1.0,"'highway 21', 'highway 103'",highway+21%2C++highway+103,30.415670000000002,-90.16171999999999,0.74,"{'state': 0.89, 'streets': [1.0], 'houseNumber': 1.0}"
654,TotalTrafficHOU,High water in various areas. use caution in #Galveston on FM-3005 Both EB/WB between CR-257 and TX-87/Avenue J/Broadway St #traffic http://bit.ly/17hsIjn,2020-08-27 03:45:43+00:00,1,1,,#Galveston #traffic,['broadway st'],[],[],[],,1.0,'broadway st',broadway+st,29.94633,-90.1197,0.99,"{'state': 0.89, 'streets': [1.0]}"
1008,CourtneyCW39,". @GalvCoTx Judge Mark Henry has lifted the mandatory evacuation order for the Bolivar Peninsula, HWY 87 is cleared &amp; the ferry is up &amp; running again. It’s now safe for Bolivar Peninsula residents to go home. @CW39Houston",2020-08-27 15:33:20+00:00,2,5,@GalvCoTx @CW39Houston,,[],['hwy 87'],[],[],1.0,1.0,'hwy 87',hwy+87,30.44335,-91.18664,0.61,{'state': 0.89}
621,GeorgetownTXFD,A transformer fire on Del Webb Blvd north of Trail of the Flowers is the cause of power outage in Sun City. The fire is out and traffic is moving on Del Webb. Use caution @georgetowntx utility workers are still in the area. @GeorgetownTXPD just cleared. Power is being restored. – at Legacy Hills Golf Course,2020-08-27 17:05:16+00:00,3,5,@georgetowntx @GeorgetownTXPD,,['webb blvd'],[],[],[],1.0,1.0,'webb blvd',webb+blvd,30.46528,-90.5455,0.75,"{'state': 0.89, 'streets': [0.9]}"
181,iembot_shv,"At 10:20 AM CDT, 7 WNW Robeline [Natchitoches Co, LA] TRAINED SPOTTER reports HURRICANE. TREES DOWN ON HIGHWAY 120. https://mesonet.agron.iastate.edu/lsr/#SHV/202008271520/202008271520",2020-08-28 17:58:27+00:00,0,0,,,[],['highway 120'],[],[],1.0,1.0,'highway 120',highway+120,31.73746,-93.41653000000001,0.99,"{'state': 0.89, 'streets': [1.0]}"
1016,CourtneyCW39,. @TxDOTBeaumont out of Chambers Co is on scene now starting to clear off HWY 87 near High Island. No estimated time on how long it will take just yet. @CW39Houston #Laura – at High Island Beach,2020-08-27 10:50:49+00:00,3,3,@TxDOTBeaumont @CW39Houston,#Laura,[],['hwy 87'],[],[],,1.0,'hwy 87',hwy+87,30.44335,-91.18664,0.61,{'state': 0.89}
580,TotalTrafficAUS,Disabled vehicle. right shoulder blocked in #Travis on I 35 SB at Parmer Ln/Exit 245 #ATXtraffic http://bit.ly/10BGKax,2020-08-27 23:35:43+00:00,0,0,,#Travis #ATXtraffic,[],[],['exit 245'],[],1.0,1.0,'exit 245',exit+245,30.57037,-92.07446,0.99,"{'state': 0.89, 'streets': [0.3], 'houseNumber': 1.0}"
622,TotalTrafficAUS,"Accident in #Travis on I-35 SB at 7th St/Exit 234, stopped traffic back to M L K Jr Blvd/Exit 235 #ATXtraffic http://bit.ly/10BGKax",2020-08-27 16:45:43+00:00,0,0,,#Travis #ATXtraffic,[],['i-35'],[],[],1.0,1.0,'i-35',i-35,30.44335,-91.18664,0.73,{'state': 0.89}
616,TotalTrafficAUS,Disabled vehicle. right shoulder blocked in #Travis on I-35 SB at Riverside Dr/Exit 233 #ATXtraffic http://bit.ly/10BGKax,2020-08-27 18:45:43+00:00,0,0,,#Travis #ATXtraffic,[],['i-35'],['exit 233'],[],1.0,1.0,"'i-35','exit 233'",i-35%2C+exit+233,30.493920000000003,-90.09458000000001,0.72,"{'state': 0.89, 'streets': [0.56], 'houseNumber': 1.0}"
489,TotalTrafficHOU,"Accident. two right lanes blocked in #WestSide on I-10 Katy Fwy Inbound at Dairy Ashford, stop and go traffic back to Eldridge Pkwy #traffic http://bit.ly/17hsIjn",2020-08-28 23:15:43+00:00,0,0,,#WestSide #traffic,['eldridge pkwy'],['i-10'],[],[],1.0,1.0,"'eldridge pkwy','i-10'",eldridge+pkwy%2C+i-10,30.15966,-92.03756,0.7,"{'state': 0.89, 'streets': [0.9]}"
1010,iembot_shv,"At 8:12 AM CDT, 5 SW Center [Shelby Co, TX] PUBLIC reports TROPICAL STORM. TREES DOWN AT FM 417 APROX 2 MILES WEST OF HWY 96 AND FM 2694 AT BOLES FIELD. https://mesonet.agron.iastate.edu/lsr/#SHV/202008271312/202008271312",2020-08-27 13:19:21+00:00,0,0,,,[],['hwy 96'],[],[],,1.0,'hwy 96',hwy+96,29.95262,-91.80026,0.85,"{'state': 0.89, 'streets': [0.5]}"
499,TotalTrafficHOU,"Accident. two left lanes blocked in #NwSide on N Sam Houston Pkwy EB after Bammel N. Houston, stop and go traffic back to Hwy 249 #traffic http://bit.ly/17hsIjn",2020-08-28 22:40:43+00:00,0,0,,#NwSide #traffic,['houston pkwy'],['hwy 249'],[],[],1.0,1.0,"'houston pkwy','hwy 249'",houston+pkwy%2C+hwy+249,32.19688,-92.85689,0.72,"{'state': 0.89, 'streets': [0.9], 'houseNumber': 1.0}"
618,TotalTrafficAUS,Disabled vehicle. right shoulder blocked in #SanMarcos on I-35 SB at Posey Rd/Exit 199 #ATXtraffic http://bit.ly/10BGKax,2020-08-27 17:25:43+00:00,0,0,,#SanMarcos #ATXtraffic,['posey rd'],['i-35'],['exit 199'],[],1.0,1.0,"'posey rd','i-35','exit 199'",posey+rd%2C+i-35%2C+exit+199,31.792370000000002,-93.19202,0.72,"{'state': 0.89, 'streets': [1.0], 'houseNumber': 1.0}"
202,TotalTrafficHOU,Closed to remove a down electrical line. in #Orange on I-10 WB between FM-105/Exit 861A and US-90/Exit 855 #traffic http://bit.ly/17hsIjn,2020-08-27 17:50:43+00:00,0,0,,#Orange #traffic,[],"['i-10', 'us-90']",['exit 855'],[],1.0,1.0,"'i-10', 'us-90','exit 855'",i-10%2C++us-90%2C+exit+855,30.00812,-90.01428,0.91,"{'country': 1.0, 'state': 0.89, 'streets': [1.0], 'placeName': 0.54}"
543,TotalTrafficBTR,Accident in #Livingston on I-12 WB before Hwy 63 /Frost Rd/Exit 22 #traffic http://bit.ly/12oyfoo,2020-08-28 16:15:43+00:00,0,0,,#Livingston #traffic,[],"['i-12', 'hwy 63']",['exit 22'],[],1.0,1.0,"'i-12', 'hwy 63','exit 22'",i-12%2C++hwy+63%2C+exit+22,30.47407,-90.75159000000001,0.77,"{'state': 0.89, 'streets': [1.0], 'placeName': 0.55}"
549,TotalTrafficHOU,"Accident. two right lanes blocked in #WestSide on I-10 Katy Inbound at Hwy 6, stop and go traffic back to Greenhouse #traffic http://bit.ly/17hsIjn",2020-08-28 15:15:43+00:00,0,0,,#WestSide #traffic,[],"['i-10', 'hwy 6']",[],[],1.0,1.0,"'i-10', 'hwy 6'",i-10%2C++hwy+6,30.035,-89.98148,0.73,"{'state': 0.89, 'streets': [1.0]}"
500,TotalTrafficBTR,Stall cleared in #EastBatonRougeParish on I 10 WB at LA-30/Nicholson Dr/LSU/Exit 155 A and LA-1/Port Allen/Plaquemine/Exit 153 #traffic http://bit.ly/12oyfoo,2020-08-28 22:40:43+00:00,0,0,,#EastBatonRougeParish #traffic,[],[],"['exit 155', 'exit 153']",[],0.0,1.0,"'exit 155', 'exit 153'",exit+155%2C++exit+153,30.570190000000004,-92.07298,0.68,"{'state': 0.89, 'streets': [0.3], 'houseNumber': 1.0}"
588,TotalTrafficHOU,"Accident cleared in #NorthSide on I-45 N Fwy Outbound at Cypresswood, stop and go traffic back to Paramatta/Hollow Tree Ln #traffic http://bit.ly/17hsIjn",2020-08-27 22:15:43+00:00,0,0,,#NorthSide #traffic,[],['i-45'],[],[],,1.0,'i-45',i-45,30.44335,-91.18664,0.73,{'state': 0.89}
650,MichelleKHOU,HAPPENING NOW: @TxDOT crews just brought in this heavy duty machinery to clear up large rocks littering Highway 87 here on High Island/Bolivar Peninsula after #HurricaneLaura’s strong waves pushed it in. The highways been shut down since last night bc of it. #KHOU11 #HTownRush – at High Island Beach,2020-08-27 10:46:06+00:00,56,147,@TxDOT,#HurricaneLaura #KHOU11 #HTownRush,[],['highway 87'],[],[],,1.0,'highway 87',highway+87,29.980629999999998,-91.75209,0.99,"{'state': 0.89, 'streets': [1.0]}"
617,TotalTrafficAUS,"Accident cleared in #Travis on I-35 SB at 7th St/Exit 234, stop and go traffic back to M L K Jr Blvd/Exit 235 #ATXtraffic http://bit.ly/10BGKax",2020-08-27 17:50:43+00:00,0,0,,#Travis #ATXtraffic,[],['i-35'],[],[],,1.0,'i-35',i-35,30.44335,-91.18664,0.73,{'state': 0.89}
211,TotalTrafficHOU,Closed for a short period of time to removed a down electrical line. in #Jefferson on I-10 EB between US-90/Exit 855 and FM-105/Exit 861A #traffic http://bit.ly/17hsIjn,2020-08-27 15:30:43+00:00,0,0,,#Jefferson #traffic,[],"['i-10', 'us-90']",['exit 855'],[],1.0,1.0,"'i-10', 'us-90','exit 855'",i-10%2C++us-90%2C+exit+855,30.00812,-90.01428,0.91,"{'country': 1.0, 'state': 0.89, 'streets': [1.0], 'placeName': 0.54}"
609,TotalTrafficAUS,"Accident affecting i-35 exit ramp in #Austin on TX-71 EB at I H 35, slow traffic back to Congress Ave #ATXtraffic http://bit.ly/10BGKax",2020-08-27 20:35:43+00:00,0,0,,#Austin #ATXtraffic,[],['i-35'],[],[],1.0,1.0,'i-35',i-35,30.44335,-91.18664,0.73,{'state': 0.89}
563,TotalTrafficHOU,Stalled vehicle affects the exit ramp. in #WestSide on I-10 Katy Outbound at Kirkwood #traffic http://bit.ly/17hsIjn,2020-08-28 13:55:43+00:00,0,0,,#WestSide #traffic,[],['i-10'],[],[],1.0,1.0,'i-10',i-10,30.035,-89.98148,0.99,"{'state': 0.89, 'streets': [1.0]}"
602,TotalTrafficHOU,Accident cleared in #NorthSide on I-45 N Fwy Outbound after Richey #traffic http://bit.ly/17hsIjn,2020-08-27 21:00:44+00:00,0,0,,#NorthSide #traffic,[],['i-45'],[],[],,1.0,'i-45',i-45,30.44335,-91.18664,0.73,{'state': 0.89}
206,TotalTrafficBTR,Closed due to vehicle recovery in #Ascension on I 10 WB after LA-30/Gonzales/St. Gabriel/Exit 177 and LA-73/Old Jefferson Hwy/Prairieville/Geismar/Exit 173 #traffic http://bit.ly/12oyfoo,2020-08-27 16:50:43+00:00,0,0,,#Ascension #traffic,['jefferson hwy'],[],"['exit 177', 'exit 173']",[],1.0,1.0,"'jefferson hwy','exit 177', 'exit 173'",jefferson+hwy%2C+exit+177%2C++exit+173,29.964509999999997,-90.13094,0.68,"{'state': 0.89, 'streets': [1.0], 'houseNumber': 1.0}"
552,TotalTrafficHOU,"Disabled vehicle. right shoulder blocked in #SwSide on I-69 SW Inbound at The 610 W Lp, stop and go traffic back to Fountain View #traffic http://bit.ly/17hsIjn",2020-08-28 14:45:43+00:00,0,0,,#SwSide #traffic,[],['i-69'],[],[],1.0,1.0,'i-69',i-69,30.44335,-91.18664,0.73,{'state': 0.89}
545,TotalTrafficHOU,"Accident. two right lanes blocked in #Webster on I-45 Gulf Outbound before FM 2351, stop and go traffic back to Dixie Farm Rd. #traffic http://bit.ly/17hsIjn",2020-08-28 16:05:43+00:00,0,0,,#Webster #traffic,['farm rd'],['i-45'],[],[],1.0,1.0,"'farm rd','i-45'",farm+rd%2C+i-45,30.080340000000003,-90.45958,0.94,"{'state': 0.89, 'streets': [1.0], 'houseNumber': 1.0}"
519,TotalTrafficAUS,"Accident, left lane blocked in #Austin on US 183 Frontage SB at Anderson Mill Rd, stop and go traffic back to Hymeadow Dr #ATXtraffic http://bit.ly/10BGKax",2020-08-28 21:00:43+00:00,0,1,,#Austin #ATXtraffic,['mill rd'],['us 183'],[],[],1.0,1.0,"'mill rd','us 183'",mill+rd%2C+us+183,31.16455,-93.27146,0.84,"{'country': 1.0, 'state': 0.89, 'streets': [1.0]}"
531,TotalTrafficBTR,Accident cleared in #EastBatonRougeParish on I 10 WB at College Dr/Exit 158 #traffic http://bit.ly/12oyfoo,2020-08-28 19:10:43+00:00,0,0,,#EastBatonRougeParish #traffic,[],[],['exit 158'],[],,1.0,'exit 158',exit+158,30.42292,-91.13662,0.73,"{'state': 0.89, 'streets': [1.0]}"
662,TotalTrafficAUS,Disabled vehicle. right shoulder blocked in #Travis on Mopac SB at Bee Caves Rd #ATXtraffic http://bit.ly/10BGKax,2020-08-27 00:20:43+00:00,0,0,,#Travis #ATXtraffic,['caves rd'],[],[],[],1.0,1.0,'caves rd',caves+rd,32.8927,-93.46335,0.87,"{'state': 0.89, 'streets': [0.83]}"
494,TotalTrafficHOU,"Accident, right lane blocked in #NorthSide on I-45 N Fwy Inbound at N. Main, stop and go traffic back to Cavalcade #traffic http://bit.ly/17hsIjn",2020-08-28 22:50:44+00:00,0,0,,#NorthSide #traffic,['right lane'],['i-45'],[],[],1.0,1.0,"'right lane','i-45'",right+lane%2C+i-45,32.01282,-93.72278,0.85,"{'state': 0.89, 'streets': [0.9]}"
564,TotalTrafficBTR,Accident with injury in #BatonRouge on Airline Hwy at St Gerard Ave #traffic http://bit.ly/12oyfoo,2020-08-28 13:25:43+00:00,0,0,,#BatonRouge #traffic,"['airline hwy', 'gerard ave']",[],[],[],1.0,1.0,"'airline hwy', 'gerard ave'",airline+hwy%2C++gerard+ave,30.435209999999998,-91.08332,0.67,"{'state': 0.89, 'streets': [1.0]}"
631,TotalTrafficHOU,Vehicle fire. right lane blocked. in #NwSide on W. Lp 610 NB after Hwy 290 #traffic http://bit.ly/17hsIjn,2020-08-27 15:40:43+00:00,0,0,,#NwSide #traffic,['right lane'],['hwy 290'],[],[],1.0,1.0,"'right lane','hwy 290'",right+lane%2C+hwy+290,29.914759999999998,-91.66168,0.69,"{'state': 0.89, 'streets': [0.47], 'houseNumber': 1.0}"
1012,CourtneyCW39,"Here’s a look at HWY 87 as we head towards Bolivar Peninsula. They are letting folks go through now, but crews are still working on the road and will be for the next little while. @CW39Houston – at High Island Beach",2020-08-27 12:52:53+00:00,1,1,@CW39Houston,,[],['hwy 87'],[],[],1.0,1.0,'hwy 87',hwy+87,30.44335,-91.18664,0.61,{'state': 0.89}
634,TotalTrafficBTR,Right lane blocked due to downed tree in #Iberville on I 10 EB at Hwy 975/Whiskey Bay/Exit 127 #traffic http://bit.ly/12oyfoo,2020-08-27 13:55:43+00:00,0,0,,#Iberville #traffic,['right lane'],['hwy 975'],['exit 127'],[],1.0,1.0,"'right lane','hwy 975','exit 127'",right+lane%2C+hwy+975%2C+exit+127,32.012890000000006,-93.72258000000001,0.67,"{'state': 0.89, 'streets': [0.9], 'houseNumber': 1.0}"
601,TotalTrafficAUS,"Disabled vehicle. right shoulder blocked in #Travis on Mopac SB before 2222 (Northland Dr), slow traffic back to Far W Blvd #ATXtraffic http://bit.ly/10BGKax",2020-08-27 21:15:45+00:00,0,0,,#Travis #ATXtraffic,['w blvd'],[],[],[],1.0,1.0,'w blvd',w+blvd,30.246779999999998,-92.26971,0.92,"{'state': 0.89, 'streets': [0.57]}"
606,TotalTrafficAUS,Disabled vehicle. right shoulder blocked in #SanMarcos on I-35 NB at Aquarena Springs Dr/Exit 206 #ATXtraffic http://bit.ly/10BGKax,2020-08-27 20:40:43+00:00,0,0,,#SanMarcos #ATXtraffic,[],['i-35'],['exit 206'],[],1.0,1.0,"'i-35','exit 206'",i-35%2C+exit+206,30.494159999999997,-90.09456999999999,0.72,"{'state': 0.89, 'streets': [0.56], 'houseNumber': 1.0}"
521,TotalTrafficAUS,"Accident. two right lanes blocked in #Austin on Mopac SB at US 290, stop and go traffic back to La Crosse Ave #ATXtraffic http://bit.ly/10BGKax",2020-08-28 20:55:43+00:00,0,0,,#Austin #ATXtraffic,[],['us 290'],[],[],1.0,1.0,'us 290',us+290,30.44335,-91.18664,0.77,"{'country': 1.0, 'state': 0.89}"
547,TotalTrafficBTR,"Accident, left lane blocked in #Lafayette on I 10 WB at Louisiana Ave/Exit 104 #traffic http://bit.ly/12oyfoo",2020-08-28 15:45:44+00:00,0,0,,#Lafayette #traffic,['louisiana ave'],[],['exit 104'],[],1.0,1.0,"'louisiana ave','exit 104'",louisiana+ave%2C+exit+104,31.629690000000004,-91.55383,0.85,"{'state': 0.89, 'streets': [1.0], 'houseNumber': 1.0}"
546,TotalTrafficBTR,Accident in #Ascension on I 10 WB after LA-73/Old Jefferson Hwy/Prairieville/Geismar/Exit 173 #traffic http://bit.ly/12oyfoo,2020-08-28 16:00:44+00:00,0,0,,#Ascension #traffic,['jefferson hwy'],[],['exit 173'],[],1.0,1.0,"'jefferson hwy','exit 173'",jefferson+hwy%2C+exit+173,29.964509999999997,-90.13094,0.85,"{'state': 0.89, 'streets': [1.0], 'houseNumber': 1.0}"
223,CarlyLaing1,Parts of I-10 are now closed as we wait for the arrival of #HurricaneLaura I-10 eastbound is closed at the Texas/Louisiana line,2020-08-27 01:58:37+00:00,0,0,,#HurricaneLaura,[],"['i-10', 'i-10']",[],[],1.0,1.0,"'i-10', 'i-10'",i-10%2C++i-10,30.035,-89.98148,0.79,"{'state': 0.89, 'streets': [1.0]}"
535,TotalTrafficHOU,"Accident, right lane blocked in #Harris on BELTWAY 8-EAST WB at Wallisville Rd #traffic http://bit.ly/17hsIjn",2020-08-28 17:50:44+00:00,0,0,,#Harris #traffic,['right lane'],[],[],[],1.0,1.0,'right lane',right+lane,32.01282,-93.72278,0.99,"{'state': 0.89, 'streets': [0.9]}"
517,TotalTrafficBTR,Accident cleared in #EastBatonRougeParish on I 10 EB at Perkins Rd/Exit 157A #traffic http://bit.ly/12oyfoo,2020-08-28 21:10:43+00:00,0,0,,#EastBatonRougeParish #traffic,['perkins rd'],[],[],[],,1.0,'perkins rd',perkins+rd,30.38911,-91.10519000000001,0.99,"{'state': 0.89, 'streets': [1.0]}"
578,TotalTrafficHOU,"Disabled vehicle, right lane blocked in #Heights on I-10 Katy Fwy Outbound after Studemont #traffic http://bit.ly/17hsIjn",2020-08-27 23:55:44+00:00,0,1,,#Heights #traffic,['right lane'],['i-10'],[],[],1.0,1.0,"'right lane','i-10'",right+lane%2C+i-10,32.01282,-93.72278,0.85,"{'state': 0.89, 'streets': [0.9]}"
530,TotalTrafficBTR,"Accident, left lane blocked in #Iberville on I 10 EB at LA-77/Rosedale/Grosse Tete/Exit 139 #traffic http://bit.ly/12oyfoo",2020-08-28 19:30:43+00:00,0,0,,#Iberville #traffic,[],[],['exit 139'],[],1.0,1.0,'exit 139',exit+139,30.570159999999998,-92.07275,0.99,"{'state': 0.89, 'streets': [0.3], 'houseNumber': 1.0}"
481,TotalTrafficHOU,"Accident cleared in #WestSide on I-10 Katy Fwy Outbound after The W Sam Houston Tollway, stop and go traffic back to Blalock #traffic http://bit.ly/17hsIjn",2020-08-28 23:50:45+00:00,0,0,,#WestSide #traffic,[],['i-10'],[],[],,1.0,'i-10',i-10,30.035,-89.98148,0.99,"{'state': 0.89, 'streets': [1.0]}"
210,TotalTrafficHOU,Closed for a short period of time to removed a down electrical line. in #Orange on I-10 WB between FM-105/Exit 861A and US-90/Exit 855 #traffic http://bit.ly/17hsIjn,2020-08-27 15:30:44+00:00,0,0,,#Orange #traffic,[],"['i-10', 'us-90']",['exit 855'],[],1.0,1.0,"'i-10', 'us-90','exit 855'",i-10%2C++us-90%2C+exit+855,30.00812,-90.01428,0.91,"{'country': 1.0, 'state': 0.89, 'streets': [1.0], 'placeName': 0.54}"
502,TotalTrafficHOU,Accident cleared in #WestSide on I-10 Katy Fwy Outbound at Antoine #traffic http://bit.ly/17hsIjn,2020-08-28 22:25:43+00:00,0,0,,#WestSide #traffic,[],['i-10'],[],[],,1.0,'i-10',i-10,30.035,-89.98148,0.99,"{'state': 0.89, 'streets': [1.0]}"
487,TotalTrafficHOU,"Accident. two right lanes blocked in #WestSide on I-10 Katy Fwy Inbound at Dairy Ashford, stop and go traffic back to Hwy 6 #traffic http://bit.ly/17hsIjn",2020-08-28 23:30:43+00:00,0,0,,#WestSide #traffic,[],"['i-10', 'hwy 6']",[],[],1.0,1.0,"'i-10', 'hwy 6'",i-10%2C++hwy+6,30.035,-89.98148,0.73,"{'state': 0.89, 'streets': [1.0]}"
575,TotalTrafficHOU,"A multi-car crash and car fire has all mainline lanes blocked. in #NeSide on N Sam Houston Pkwy EB before John F Kennedy Blvd, stop and go traffic back to Aldine Westfeild #traffic http://bit.ly/17hsIjn",2020-08-28 09:15:44+00:00,0,0,,#NeSide #traffic,"['houston pkwy', 'kennedy blvd']",[],[],[],1.0,1.0,"'houston pkwy', 'kennedy blvd'",houston+pkwy%2C++kennedy+blvd,29.944840000000003,-95.33179,0.6,"{'city': 1.0, 'streets': [0.92]}"
520,TotalTrafficHOU,Disabled vehicle. center lane blocked in #WestSide on US-69 SW Fwy Outbound at Buffalo Speedway #traffic http://bit.ly/17hsIjn,2020-08-28 21:00:43+00:00,0,0,,#WestSide #traffic,['center lane'],['us-69'],[],[],1.0,1.0,"'center lane','us-69'",center+lane%2C+us-69,29.798920000000003,-93.32483,0.96,"{'country': 1.0, 'state': 0.89, 'streets': [0.77], 'houseNumber': 0.68}"
596,TotalTrafficHOU,"Accident. two right lanes blocked in #NorthSide on I-45 N Fwy Outbound at Cypresswood, stop and go traffic back to Paramatta/Hollow Tree Ln #traffic http://bit.ly/17hsIjn",2020-08-27 21:35:43+00:00,0,0,,#NorthSide #traffic,[],['i-45'],[],[],1.0,1.0,'i-45',i-45,30.44335,-91.18664,0.73,{'state': 0.89}
480,TotalTrafficHOU,"Accident cleared in #WestSide on I-10 Katy Fwy Inbound at Dairy Ashford, stop and go traffic back to Hwy 6 #traffic http://bit.ly/17hsIjn",2020-08-28 23:55:43+00:00,0,0,,#WestSide #traffic,[],"['i-10', 'hwy 6']",[],[],,1.0,"'i-10', 'hwy 6'",i-10%2C++hwy+6,30.035,-89.98148,0.73,"{'state': 0.89, 'streets': [1.0]}"
615,TotalTrafficHOU,Accident on exit ramp in #NorthSide on I-45 N Fwy Inbound at The 610 N Lp #traffic http://bit.ly/17hsIjn,2020-08-27 18:55:43+00:00,0,0,,#NorthSide #traffic,[],['i-45'],[],[],1.0,1.0,'i-45',i-45,30.44335,-91.18664,0.73,{'state': 0.89}
577,TotalTrafficAUS,Disabled vehicle. left shoulder blocked in #Travis on I-35 Frontage SB at E 51st St #ATXtraffic http://bit.ly/10BGKax,2020-08-28 00:10:43+00:00,0,0,,#Travis #ATXtraffic,[],['i-35'],[],[],0.0,1.0,'i-35',i-35,30.44335,-91.18664,0.73,{'state': 0.89}
573,TotalTrafficHOU,"Disabled vehicle, center lane blocked in #WestSide on I-10 Inbound after Hwy 6, stop and go traffic back to Park Ten #traffic http://bit.ly/17hsIjn",2020-08-28 11:15:43+00:00,0,0,,#WestSide #traffic,['center lane'],"['i-10', 'hwy 6']",[],[],1.0,1.0,"'center lane','i-10', 'hwy 6'",center+lane%2C+i-10%2C++hwy+6,29.79869,-93.32498000000001,0.72,"{'state': 0.89, 'streets': [0.77], 'houseNumber': 0.1}"
483,TotalTrafficHOU,"Accident cleared in #NorthSide on I-45 N Fwy Inbound at N. Main, stop and go traffic back to Cavalcade #traffic http://bit.ly/17hsIjn",2020-08-28 23:50:44+00:00,0,0,,#NorthSide #traffic,[],['i-45'],[],[],,1.0,'i-45',i-45,30.44335,-91.18664,0.73,{'state': 0.89}
636,TotalTrafficBTR,Accident with injury in #EastBatonRouge on Government St at S Acadian Trwy #traffic http://bit.ly/12oyfoo,2020-08-27 13:25:43+00:00,0,0,,#EastBatonRouge #traffic,['government st'],[],[],[],0.0,1.0,'government st',government+st,30.44425,-91.15086,0.99,"{'state': 0.89, 'streets': [1.0]}"
556,TotalTrafficHOU,"Accident, center lane blocked in #NorthSide on N SAM HOUSTON TOLLWAY EB at Ella Blvd #traffic http://bit.ly/17hsIjn",2020-08-28 14:20:43+00:00,0,0,,#NorthSide #traffic,['center lane'],[],[],[],1.0,1.0,'center lane',center+lane,29.798759999999998,-93.3248,0.99,"{'state': 0.89, 'streets': [0.77]}"
568,TotalTrafficHOU,"Accident. two right lanes blocked in #WestSide on I-10 Katy Inbound at Hwy 6, stop and go traffic back to Greenhouse #traffic http://bit.ly/17hsIjn",2020-08-28 11:55:43+00:00,0,0,,#WestSide #traffic,[],"['i-10', 'hwy 6']",[],[],1.0,1.0,"'i-10', 'hwy 6'",i-10%2C++hwy+6,30.035,-89.98148,0.73,"{'state': 0.89, 'streets': [1.0]}"
528,TotalTrafficBTR,Accident cleared in #Iberville on I 10 EB at LA-77/Rosedale/Grosse Tete/Exit 139 #traffic http://bit.ly/12oyfoo,2020-08-28 19:55:43+00:00,0,0,,#Iberville #traffic,[],[],['exit 139'],[],,1.0,'exit 139',exit+139,30.570159999999998,-92.07275,0.99,"{'state': 0.89, 'streets': [0.3], 'houseNumber': 1.0}"
542,TotalTrafficBTR,Accident cleared in #Lafayette on I 10 WB at Louisiana Ave/Exit 104 #traffic http://bit.ly/12oyfoo,2020-08-28 16:20:43+00:00,0,0,,#Lafayette #traffic,['louisiana ave'],[],['exit 104'],[],,1.0,"'louisiana ave','exit 104'",louisiana+ave%2C+exit+104,31.629690000000004,-91.55383,0.85,"{'state': 0.89, 'streets': [1.0], 'houseNumber': 1.0}"
604,TotalTrafficHOU,Accident. right shoulder blocked in #SouthSide on I-610 S Lp WB after Almeda / FM 521 #traffic http://bit.ly/17hsIjn,2020-08-27 20:50:43+00:00,0,0,,#SouthSide #traffic,[],['i-610'],[],[],1.0,1.0,'i-610',i-610,31.37345,-92.39054,0.99,"{'state': 0.89, 'streets': [0.9], 'houseNumber': 1.0}"
507,TotalTrafficBTR,Reopened in #EastBatonRouge on I-110 SB at Plank Rd/N 22nd St/ Memorial Stadium/Exit 2B #traffic http://bit.ly/12oyfoo,2020-08-28 22:00:43+00:00,0,0,,#EastBatonRouge #traffic,['plank rd'],['i-110'],[],[],0.0,1.0,"'plank rd','i-110'",plank+rd%2C+i-110,31.9177,-91.23223,0.95,"{'state': 0.89, 'streets': [1.0], 'houseNumber': 1.0}"
658,TotalTrafficHOU,"Disabled vehicle, right lane blocked in #NorthSide on The Hardy Tollroad Inbound at Crosstimbers, stop and go traffic back to Tidwell #traffic http://bit.ly/17hsIjn",2020-08-27 02:15:43+00:00,0,1,,#NorthSide #traffic,['right lane'],[],[],[],1.0,1.0,'right lane',right+lane,32.01282,-93.72278,0.99,"{'state': 0.89, 'streets': [0.9]}"
614,TotalTrafficAUS,Disabled vehicle. right shoulder blocked in #Travis on I 35 SB at Grand Ave Pky #ATXtraffic http://bit.ly/10BGKax,2020-08-27 19:00:43+00:00,0,0,,#Travis #ATXtraffic,['grand ave'],[],[],[],,1.0,'grand ave',grand+ave,30.179409999999997,-92.05719,0.99,"{'state': 0.89, 'streets': [1.0]}"
222,twirlygirltx,"I-10 closed in both directions now. No way out for those who chose to stay. Can only hope they are able to get to high ground, or brought an ax to their attic with them, so they can get on their roof to be rescued",2020-08-27 02:10:45+00:00,1,1,,,[],['i-10'],[],[],1.0,1.0,'i-10',i-10,30.035,-89.98148,0.99,"{'state': 0.89, 'streets': [1.0]}"
560,TotalTrafficAUS,"Accident, left lane blocked in #Austin on TX-71 WB at Bee Caves Rd (FM 2244), stopped traffic back to SW Pkwy #ATXtraffic http://bit.ly/10BGKax",2020-08-28 14:05:43+00:00,0,0,,#Austin #ATXtraffic,"['caves rd', 'sw pkwy']",[],[],[],1.0,1.0,"'caves rd', 'sw pkwy'",caves+rd%2C++sw+pkwy,30.569679999999998,-90.96739000000001,0.67,"{'state': 0.89, 'streets': [0.6]}"
595,TotalTrafficHOU,Accident cleared in #SouthSide on I-610 S Lp WB after Almeda / FM 521 #traffic http://bit.ly/17hsIjn,2020-08-27 21:35:44+00:00,0,0,,#SouthSide #traffic,[],['i-610'],[],[],,1.0,'i-610',i-610,31.37345,-92.39054,0.99,"{'state': 0.89, 'streets': [0.9], 'houseNumber': 1.0}"
619,TotalTrafficAUS,"Accident in #Travis on I-35 SB at 7th St/Exit 234, stop and go traffic back to M L K Jr Blvd/Exit 235 #ATXtraffic http://bit.ly/10BGKax",2020-08-27 17:10:43+00:00,0,0,,#Travis #ATXtraffic,[],['i-35'],[],[],1.0,1.0,'i-35',i-35,30.44335,-91.18664,0.73,{'state': 0.89}
532,TotalTrafficHOU,Accident on exit ramp in #EastSide on I-10 Baytown Inbound at The E Lp #traffic http://bit.ly/17hsIjn,2020-08-28 18:55:43+00:00,0,0,,#EastSide #traffic,[],['i-10'],[],[],1.0,1.0,'i-10',i-10,30.035,-89.98148,0.99,"{'state': 0.89, 'streets': [1.0]}"
550,TotalTrafficBTR,"Accident, shoulder blocked in #EastBatonRougeParish on I 10 WB at Highland Rd/LA-42/Exit 166 #traffic http://bit.ly/12oyfoo",2020-08-28 14:55:43+00:00,0,0,,#EastBatonRougeParish #traffic,['highland rd'],[],['exit 166'],[],1.0,1.0,"'highland rd','exit 166'",highland+rd%2C+exit+166,30.431440000000002,-90.43154,0.84,"{'state': 0.89, 'streets': [1.0], 'houseNumber': 1.0}"
613,TotalTrafficHOU,Object on roadway. center lane blocked in #Downtown on US-69 Eastex Fwy Outbound after I-10 #traffic http://bit.ly/17hsIjn,2020-08-27 19:40:43+00:00,0,0,,#Downtown #traffic,['center lane'],['us-69'],[],[],1.0,1.0,"'center lane','us-69'",center+lane%2C+us-69,29.798920000000003,-93.32483,0.96,"{'country': 1.0, 'state': 0.89, 'streets': [0.77], 'houseNumber': 0.68}"
503,TotalTrafficHOU,"Accident cleared in #NorthSide on I-45 N Fwy Outbound at N. Main, stop and go traffic back to I-10 #traffic http://bit.ly/17hsIjn",2020-08-28 22:20:44+00:00,0,0,,#NorthSide #traffic,[],['i-45'],[],[],,1.0,'i-45',i-45,30.44335,-91.18664,0.73,{'state': 0.89}
189,TotalTrafficHOU,"Closed due to accident involving a vehicle fire. in #NorthSide on N Sam Houston Pkwy EB between Aldine Westfeild and John F Kennedy Blvd, stopped traffic back to Imperial Vly Dr #traffic http://bit.ly/17hsIjn",2020-08-28 10:40:43+00:00,0,0,,#NorthSide #traffic,"['houston pkwy', 'kennedy blvd']",[],[],[],1.0,1.0,"'houston pkwy', 'kennedy blvd'",houston+pkwy%2C++kennedy+blvd,29.944840000000003,-95.33179,0.6,"{'city': 1.0, 'streets': [0.92]}"
212,TotalTrafficBTR,Closed for vehicle removal in #Ascension on I 10 WB after LA-30/Gonzales/St. Gabriel/Exit 177 and LA-73/Old Jefferson Hwy/Prairieville/Geismar/Exit 173 #traffic http://bit.ly/12oyfoo,2020-08-27 15:30:43+00:00,1,0,,#Ascension #traffic,['jefferson hwy'],[],"['exit 177', 'exit 173']",[],1.0,1.0,"'jefferson hwy','exit 177', 'exit 173'",jefferson+hwy%2C+exit+177%2C++exit+173,29.964509999999997,-90.13094,0.68,"{'state': 0.89, 'streets': [1.0], 'houseNumber': 1.0}"
571,TotalTrafficHOU,"Disabled vehicle, center lane blocked in #WestSide on I-10 Katy Inbound at Hwy 6, stop and go traffic back to Park Ten #traffic http://bit.ly/17hsIjn",2020-08-28 11:20:43+00:00,0,0,,#WestSide #traffic,['center lane'],"['i-10', 'hwy 6']",[],[],,1.0,"'center lane','i-10', 'hwy 6'",center+lane%2C+i-10%2C++hwy+6,29.79869,-93.32498000000001,0.72,"{'state': 0.89, 'streets': [0.77], 'houseNumber': 0.1}"
522,TotalTrafficHOU,"Accident, right lane blocked in #NorthSide on N Sam Houston Tollway Frontage Rd EB after The Hardy Toll Rd #traffic http://bit.ly/17hsIjn",2020-08-28 20:55:43+00:00,0,0,,#NorthSide #traffic,"['right lane', 'frontage rd', 'toll rd']",[],[],[],,1.0,"'right lane', 'frontage rd', 'toll rd'",right+lane%2C++frontage+rd%2C++toll+rd,29.860190000000003,-91.61895,0.65,"{'state': 0.89, 'streets': [0.59]}"
548,TotalTrafficBTR,Accident cleared in #Livingston on I-12 WB at Hwy 63 /Frost Rd/Exit 22 #traffic http://bit.ly/12oyfoo,2020-08-28 15:45:43+00:00,0,0,,#Livingston #traffic,[],"['i-12', 'hwy 63']",['exit 22'],[],,1.0,"'i-12', 'hwy 63','exit 22'",i-12%2C++hwy+63%2C+exit+22,30.47407,-90.75159000000001,0.77,"{'state': 0.89, 'streets': [1.0], 'placeName': 0.55}"
516,TotalTrafficHOU,"Accident, two lanes blocked in #Baytown on Hwy 146 NB at W Main St, stop and go traffic back to Fred Hartman Brg #traffic http://bit.ly/17hsIjn",2020-08-28 21:10:44+00:00,0,0,,#Baytown #traffic,['main st'],['hwy 146'],[],[],,1.0,"'main st','hwy 146'",main+st%2C+hwy+146,30.12435,-91.82884,0.75,"{'state': 0.89, 'streets': [0.9], 'houseNumber': 1.0}"
557,TotalTrafficHOU,"Accident. two right lanes blocked in #WestSide on I-10 Katy Inbound at Hwy 6, stopped traffic back to Greenhouse #traffic http://bit.ly/17hsIjn",2020-08-28 14:15:43+00:00,0,0,,#WestSide #traffic,[],"['i-10', 'hwy 6']",[],[],,1.0,"'i-10', 'hwy 6'",i-10%2C++hwy+6,30.035,-89.98148,0.73,"{'state': 0.89, 'streets': [1.0]}"
510,TotalTrafficBTR,Accident with injury in #EastBatonRouge on Washington Ave at N 26th St #traffic http://bit.ly/12oyfoo,2020-08-28 21:40:43+00:00,0,0,,#EastBatonRouge #traffic,"['washington ave', '26th st']",[],[],[],,1.0,"'washington ave', '26th st'",washington+ave%2C++26th+st,29.999840000000003,-90.42111,0.81,"{'state': 0.89, 'streets': [0.9], 'houseNumber': 0.99}"
208,iembot_shv,"At 10:40 AM CDT, 10 W Powhatan [Natchitoches Co, LA] DEPT OF HIGHWAYS reports TROPICAL STORM. I-49 CLOSED PAST LA 174 DUE TO FALLEN TREE ON INTERSTATE AT MM 154. https://mesonet.agron.iastate.edu/lsr/#SHV/202008271540/202008271540",2020-08-27 15:47:23+00:00,0,0,,,[],['i-49'],[],[],,1.0,'i-49',i-49,31.23423,-92.45956,0.99,"{'state': 0.89, 'streets': [1.0]}"
505,TotalTrafficBTR,"Disabled vehicle, center lane blocked in #EastBatonRougeParish on I 10 WB at LA-30/Nicholson Dr/LSU/Exit 155 A and LA-1/Port Allen/Plaquemine/Exit 153 #traffic http://bit.ly/12oyfoo",2020-08-28 22:10:43+00:00,0,0,,#EastBatonRougeParish #traffic,['center lane'],[],"['exit 155', 'exit 153']",[],,1.0,"'center lane','exit 155', 'exit 153'",center+lane%2C+exit+155%2C++exit+153,32.69937,-91.48924,0.66,"{'state': 0.89, 'streets': [0.91], 'houseNumber': 1.0}"
527,TotalTrafficHOU,Accident. right shoulder blocked in #Harris on I-10 Katy Hov Outbound at Campbell #traffic http://bit.ly/17hsIjn,2020-08-28 20:00:43+00:00,0,0,,#Harris #traffic,[],['i-10'],[],[],,1.0,'i-10',i-10,30.035,-89.98148,0.99,"{'state': 0.89, 'streets': [1.0]}"
562,TotalTrafficHOU,"Disabled vehicle, right lane blocked in #SouthSide on S. Lp 610 EB after Kirby #traffic http://bit.ly/17hsIjn",2020-08-28 13:55:44+00:00,0,0,,#SouthSide #traffic,['right lane'],[],[],[],,1.0,'right lane',right+lane,32.01282,-93.72278,0.99,"{'state': 0.89, 'streets': [0.9]}"
486,TotalTrafficAUS,"Accident blocking the two right lanes in #Travis on I 35 NB at TX-45, stop and go traffic back to Grand Ave Pky #ATXtraffic http://bit.ly/10BGKax",2020-08-28 23:35:43+00:00,0,0,,#Travis #ATXtraffic,['grand ave'],[],[],[],,1.0,'grand ave',grand+ave,30.179409999999997,-92.05719,0.99,"{'state': 0.89, 'streets': [1.0]}"
598,TotalTrafficBTR,"Accident, two lanes blocked in #EastBatonRougeParish on I-110 NB at I 10/Exit 1J #traffic http://bit.ly/12oyfoo",2020-08-27 21:30:43+00:00,0,0,,#EastBatonRougeParish #traffic,[],['i-110'],[],[],,1.0,'i-110',i-110,30.457629999999998,-91.17311,0.99,"{'state': 0.89, 'streets': [1.0]}"
590,TotalTrafficBTR,Accident cleared in #EastBatonRougeParish on I-110 NB at I 10/Exit 1J #traffic http://bit.ly/12oyfoo,2020-08-27 21:50:43+00:00,0,0,,#EastBatonRougeParish #traffic,[],['i-110'],[],[],,1.0,'i-110',i-110,30.457629999999998,-91.17311,0.99,"{'state': 0.89, 'streets': [1.0]}"
485,TotalTrafficHOU,"Accident. two right lanes blocked in #WestSide on I-10 Katy Fwy Outbound after The W Sam Houston Tollway, stop and go traffic back to Blalock #traffic http://bit.ly/17hsIjn",2020-08-28 23:45:43+00:00,0,0,,#WestSide #traffic,[],['i-10'],[],[],,1.0,'i-10',i-10,30.035,-89.98148,0.99,"{'state': 0.89, 'streets': [1.0]}"
490,TotalTrafficHOU,"Accident. two center lanes blocked in #Downtown on US-69 SW Fwy Inbound at US-59 Hov Lane/Main St, stop and go traffic back to Shepherd / Greenbriar #traffic http://bit.ly/17hsIjn",2020-08-28 23:10:43+00:00,0,0,,#Downtown #traffic,"['hov lane', 'main st']",['us-69'],[],[],,1.0,"'hov lane', 'main st','us-69'",hov+lane%2C++main+st%2C+us-69,29.99594,-91.79994,0.68,"{'country': 1.0, 'state': 0.89, 'streets': [0.95]}"
565,TotalTrafficHOU,"Accident. two right lanes blocked in #WestSide on I-10 Inbound at Hwy 6, stop and go traffic back to Greenhouse #traffic http://bit.ly/17hsIjn",2020-08-28 12:50:43+00:00,0,0,,#WestSide #traffic,[],"['i-10', 'hwy 6']",[],[],,1.0,"'i-10', 'hwy 6'",i-10%2C++hwy+6,30.035,-89.98148,0.73,"{'state': 0.89, 'streets': [1.0]}"
612,TotalTrafficHOU,Accident. right shoulder blocked in #NorthSide on I-45 N Fwy Outbound after Richey #traffic http://bit.ly/17hsIjn,2020-08-27 19:45:43+00:00,0,0,,#NorthSide #traffic,[],['i-45'],[],[],,1.0,'i-45',i-45,30.44335,-91.18664,0.73,{'state': 0.89}
566,TotalTrafficHOU,"Accident. two right lanes blocked in #WestSide on I-10 Katy Inbound at Hwy 6, stop and go traffic back to Barker Cypress #traffic http://bit.ly/17hsIjn",2020-08-28 12:25:43+00:00,0,0,,#WestSide #traffic,[],"['i-10', 'hwy 6']",[],[],,1.0,"'i-10', 'hwy 6'",i-10%2C++hwy+6,30.035,-89.98148,0.73,"{'state': 0.89, 'streets': [1.0]}"
186,Mojo1130,"Me trying to figure out how long @max94one traffic person gonna keep this lie going bout I-10 being closed between Lafayette, Louisiana to Texas line due to hurricane Laura? Do some research at http://511LA.org cause it’s… https://www.instagram.com/p/CEbpa0hnZol/?igshid=13dyda2q5x7r6",2020-08-28 11:57:52+00:00,0,0,@max94one,,[],['i-10'],[],[],,1.0,'i-10',i-10,30.035,-89.98148,0.99,"{'state': 0.89, 'streets': [1.0]}"
511,TotalTrafficHOU,"Accident. two right lanes blocked in #SouthSide on Hwy 288 NB at The S Sam Houston Tollway, stop and go traffic back to Mchard #traffic http://bit.ly/17hsIjn",2020-08-28 21:40:43+00:00,0,0,,#SouthSide #traffic,[],['hwy 288'],[],[],,1.0,'hwy 288',hwy+288,30.32045,-91.22371,0.86,"{'state': 0.89, 'streets': [0.67]}"
515,TotalTrafficAUS,"Accident cleared in #Austin on Mopac SB at US 290, stop and go traffic back to La Crosse Ave #ATXtraffic http://bit.ly/10BGKax",2020-08-28 21:20:43+00:00,0,0,,#Austin #ATXtraffic,[],['us 290'],[],[],,1.0,'us 290',us+290,30.44335,-91.18664,0.77,"{'country': 1.0, 'state': 0.89}"
217,TotalTrafficBTR,Closed due to downed tree in #WestBatonRouge on I 10 WB after LA-415/Lobdell/Exit 151 and before LA-77/Rosedale/Grosse Tete/Exit 139 #traffic http://bit.ly/12oyfoo,2020-08-27 11:05:43+00:00,1,0,,#WestBatonRouge #traffic,[],[],"['exit 151', 'exit 139']",[],,1.0,"'exit 151', 'exit 139'",exit+151%2C++exit+139,30.570159999999998,-92.07275,0.68,"{'state': 0.89, 'streets': [0.3], 'houseNumber': 1.0}"
569,TotalTrafficHOU,"Accident, right lane blocked in #NorthSide on I-45 N Inbound at Airtex #traffic http://bit.ly/17hsIjn",2020-08-28 11:45:44+00:00,0,0,,#NorthSide #traffic,['right lane'],['i-45'],[],[],,1.0,"'right lane','i-45'",right+lane%2C+i-45,32.01282,-93.72278,0.85,"{'state': 0.89, 'streets': [0.9]}"
567,TotalTrafficHOU,"Accident. two right lanes blocked in #WestSide on I-10 Inbound at Hwy 6, stopped traffic back to Barker Cypress #traffic http://bit.ly/17hsIjn",2020-08-28 12:15:43+00:00,0,0,,#WestSide #traffic,[],"['i-10', 'hwy 6']",[],[],,1.0,"'i-10', 'hwy 6'",i-10%2C++hwy+6,30.035,-89.98148,0.73,"{'state': 0.89, 'streets': [1.0]}"
570,TotalTrafficHOU,"Accident. two right lanes blocked in #WestSide on I-10 Katy Inbound at Hwy 6, stopped traffic back to Barker Cypress #traffic http://bit.ly/17hsIjn",2020-08-28 11:40:43+00:00,0,0,,#WestSide #traffic,[],"['i-10', 'hwy 6']",[],[],,1.0,"'i-10', 'hwy 6'",i-10%2C++hwy+6,30.035,-89.98148,0.73,"{'state': 0.89, 'streets': [1.0]}"
627,TotalTrafficHOU,Stalled vehicle affects the exit ramp. in #SwSide on I-69 SW NB at Hillcroft #traffic http://bit.ly/17hsIjn,2020-08-27 15:55:43+00:00,0,0,,#SwSide #traffic,[],['i-69'],[],[],,1.0,'i-69',i-69,30.44335,-91.18664,0.73,{'state': 0.89}
506,TotalTrafficHOU,Accident. left shoulder blocked in #WestSide on I-10 Katy Fwy Outbound at Antoine #traffic http://bit.ly/17hsIjn,2020-08-28 22:10:43+00:00,0,0,,#WestSide #traffic,[],['i-10'],[],[],,1.0,'i-10',i-10,30.035,-89.98148,0.99,"{'state': 0.89, 'streets': [1.0]}"
642,TotalTrafficBTR,Right lane blocked due to downed tree in #Iberville on I 10 EB at Hwy 975/Whiskey Bay/Exit 127 #traffic http://bit.ly/12oyfoo,2020-08-27 12:50:43+00:00,0,0,,#Iberville #traffic,['right lane'],['hwy 975'],['exit 127'],[],,1.0,"'right lane','hwy 975','exit 127'",right+lane%2C+hwy+975%2C+exit+127,32.012890000000006,-93.72258000000001,0.67,"{'state': 0.89, 'streets': [0.9], 'houseNumber': 1.0}"
187,TotalTrafficHOU,"Closed due to accident in #NorthSide on BELTWAY 8-NORTH EB between Aldine Westfeild and John F Kennedy Blvd, stopped traffic back to Imperial Vly Dr #traffic http://bit.ly/17hsIjn",2020-08-28 11:15:43+00:00,0,0,,#NorthSide #traffic,['kennedy blvd'],[],[],[],,1.0,'kennedy blvd',kennedy+blvd,30.34651,-91.8482,0.79,"{'state': 0.89, 'streets': [0.9]}"
482,TotalTrafficHOU,Accident. left shoulder blocked in #Humble on US-69 Eastex Fwy Inbound at FM-1960 #traffic http://bit.ly/17hsIjn,2020-08-28 23:50:44+00:00,0,0,,#Humble #traffic,[],['us-69'],[],[],,1.0,'us-69',us-69,32.562709999999996,-92.91076,0.99,"{'country': 1.0, 'state': 0.89, 'streets': [1.0]}"
660,TotalTrafficAUS,Disabled vehicle. right shoulder blocked in #HaysComalCo.SanMarcos on I-35 SB at Ctr Point Rd/Exit 200 #ATXtraffic http://bit.ly/10BGKax,2020-08-27 00:55:44+00:00,0,0,,#HaysComalCo #ATXtraffic,['point rd'],['i-35'],['exit 200'],[],,1.0,"'point rd','i-35','exit 200'",point+rd%2C+i-35%2C+exit+200,32.73598,-92.94681,0.71,"{'state': 0.89, 'streets': [1.0], 'houseNumber': 0.98}"
524,TotalTrafficBTR,"Accident, left lane blocked in #EastBatonRougeParish on I 10 EB at Perkins Rd/Exit 157A #traffic http://bit.ly/12oyfoo",2020-08-28 20:35:43+00:00,0,0,,#EastBatonRougeParish #traffic,['perkins rd'],[],[],[],,1.0,'perkins rd',perkins+rd,30.38911,-91.10519000000001,0.99,"{'state': 0.89, 'streets': [1.0]}"
194,_SNX,Is 6th street closed down due to COVID-19? #ATX,2020-08-27 21:57:05+00:00,0,0,,#ATX,['6th street'],[],[],[],0.0,1.0,'6th street',6th+street,30.231209999999997,-92.27468,0.99,"{'state': 0.89, 'streets': [1.0]}"
645,MichelleKHOU,"Update: Wow. What a DIFFERENCE a few pieces of heavy duty equipment, a hardworking @TxDOT crew, &amp; an hour of time can make! They haven’t cleared all the rocks littering Highway 87 on High Island/Bolivar Peninsula just yet, but they’ve put a GOOD dent in it! #KHOU11 #HTownRush – at High Island Beach",2020-08-27 11:51:38+00:00,26,118,@TxDOT,#KHOU11 #HTownRush,[],['highway 87'],[],[],,1.0,'highway 87',highway+87,29.980629999999998,-91.75209,0.99,"{'state': 0.89, 'streets': [1.0]}"
201,TotalTrafficHOU,Closed to remove a down electrical line. in #Jefferson on I-10 EB between US-90/Exit 855 and FM-105/Exit 861A #traffic http://bit.ly/17hsIjn,2020-08-27 17:50:43+00:00,0,0,,#Jefferson #traffic,[],"['i-10', 'us-90']",['exit 855'],[],,1.0,"'i-10', 'us-90','exit 855'",i-10%2C++us-90%2C+exit+855,30.00812,-90.01428,0.91,"{'country': 1.0, 'state': 0.89, 'streets': [1.0], 'placeName': 0.54}"
647,TotalTrafficHOU,Stalled vehicle affects the connecting ramp to i-45 gulf. in #SouthSide on SH-288 NB at I-45/Gulf Fwy #traffic http://bit.ly/17hsIjn,2020-08-27 11:50:43+00:00,0,0,,#SouthSide #traffic,[],"['i-45', 'i-45']",[],[],,1.0,"'i-45', 'i-45'",i-45%2C++i-45,29.98625,-90.16152,0.71,"{'state': 0.89, 'streets': [0.9]}"
523,TotalTrafficHOU,"Accident, two lanes blocked in #Baytown on Hwy 146 NB at W Main St #traffic http://bit.ly/17hsIjn",2020-08-28 20:40:43+00:00,0,0,,#Baytown #traffic,['main st'],['hwy 146'],[],[],,1.0,"'main st','hwy 146'",main+st%2C+hwy+146,30.12435,-91.82884,0.75,"{'state': 0.89, 'streets': [0.9], 'houseNumber': 1.0}"
583,TotalTrafficHOU,Accident cleared in #NorthSide on N Sam Houston Pkwy WB at Veterans Memorial Toll Plz #traffic http://bit.ly/17hsIjn,2020-08-27 22:55:43+00:00,0,0,,#NorthSide #traffic,['houston pkwy'],[],[],[],,1.0,'houston pkwy',houston+pkwy,29.57303,-90.74235,0.79,"{'state': 0.89, 'streets': [0.9]}"
180,TotalTrafficBTR,Closed because of accident. in #EastBatonRouge on I-110 SB between Plank Rd/N 22nd St/ Memorial Stadium/Exit 2B and Scenic Hwy/Exit 2A #traffic http://bit.ly/12oyfoo,2020-08-28 21:50:43+00:00,0,0,,#EastBatonRouge #traffic,"['plank rd', 'scenic hwy']",['i-110'],[],[],,1.0,"'plank rd', 'scenic hwy','i-110'",plank+rd%2C++scenic+hwy%2C+i-110,30.458009999999998,-91.16863000000001,0.65,"{'state': 0.89, 'streets': [1.0], 'placeName': 0.35}"
188,TotalTrafficHOU,"Vehicle fire is out but highway is still closed due to accident. in #NorthSide on BELTWAY 8-NORTH EB between Aldine Westfeild and John F Kennedy Blvd, stopped traffic back to Imperial Vly Dr #traffic http://bit.ly/17hsIjn",2020-08-28 11:00:43+00:00,0,0,,#NorthSide #traffic,['kennedy blvd'],[],[],[],,1.0,'kennedy blvd',kennedy+blvd,30.34651,-91.8482,0.79,"{'state': 0.89, 'streets': [0.9]}"
561,TotalTrafficHOU,"Disabled vehicle, right lane blocked in #WestSide on W SAM HOUSTON TOLLWAY NB at The Briar Forest Toll Plz #traffic http://bit.ly/17hsIjn",2020-08-28 14:00:43+00:00,0,0,,#WestSide #traffic,['right lane'],[],[],[],,1.0,'right lane',right+lane,32.01282,-93.72278,0.99,"{'state': 0.89, 'streets': [0.9]}"
1013,MichelleKHOU,Update: If you live on Bolivar Peninsula in @GalvCoTx - Hwy 87 is back open. Galveston Co. Pct. 3 now allowing residents to go back home as long as they don’t get in the way of @TxDOT crews still removing debris left on roadway by #HurricaneLaura. #KHOU11 #HTownRush – at High Island Beach,2020-08-27 12:28:01+00:00,33,81,@GalvCoTx @TxDOT,#HurricaneLaura #KHOU11 #HTownRush,[],['hwy 87'],[],[],,1.0,'hwy 87',hwy+87,30.44335,-91.18664,0.61,{'state': 0.89}
643,TotalTrafficHOU,Stalled vehicle affects the entrance ramp. in #NwSide on US-290 NW EB at Telge #traffic http://bit.ly/17hsIjn,2020-08-27 12:50:43+00:00,0,0,,#NwSide #traffic,[],['us-290'],[],[],,1.0,'us-290',us-290,30.44335,-91.18664,0.77,"{'country': 1.0, 'state': 0.89}"
635,TotalTrafficHOU,Stalled vehicle affects the entrance ramp. in #NwSide on US-290 NW EB at Telge #traffic http://bit.ly/17hsIjn,2020-08-27 13:55:43+00:00,0,0,,#NwSide #traffic,[],['us-290'],[],[],,1.0,'us-290',us-290,30.44335,-91.18664,0.77,"{'country': 1.0, 'state': 0.89}"
1021,TotalTrafficAUS,Accident cleared in #SanMarcos on I-35 SB at Hwy 123/Exit 204 #ATXtraffic http://bit.ly/10BGKax,2020-08-27 00:20:43+00:00,0,0,,#SanMarcos #ATXtraffic,[],"['i-35', 'hwy 123']",['exit 204'],[],,1.0,"'i-35', 'hwy 123','exit 204'",i-35%2C++hwy+123%2C+exit+204,31.65537,-92.41525,0.67,"{'state': 0.89, 'streets': [0.5], 'houseNumber': 1.0}"
553,TotalTrafficAUS,"Accident cleared in #Austin on TX-71 WB at Bee Caves Rd (FM 2244), slow traffic back to SW Pkwy #ATXtraffic http://bit.ly/10BGKax",2020-08-28 14:40:43+00:00,0,0,,#Austin #ATXtraffic,"['caves rd', 'sw pkwy']",[],[],[],,1.0,"'caves rd', 'sw pkwy'",caves+rd%2C++sw+pkwy,30.569679999999998,-90.96739000000001,0.67,"{'state': 0.89, 'streets': [0.6]}"
572,TotalTrafficAUS,"Accident, left lane blocked in #Austin on FM 973 SB at Harold Green Rd #ATXtraffic http://bit.ly/10BGKax",2020-08-28 11:15:43+00:00,0,0,,#Austin #ATXtraffic,['green rd'],[],[],[],,1.0,'green rd',green+rd,30.32103,-89.85848,0.99,"{'state': 0.89, 'streets': [1.0]}"
592,TotalTrafficAUS,"Disabled vehicle cleared in #Travis on Mopac SB before 2222 (Northland Dr), slow traffic back to Far W Blvd #ATXtraffic http://bit.ly/10BGKax",2020-08-27 21:45:43+00:00,0,0,,#Travis #ATXtraffic,['w blvd'],[],[],[],,1.0,'w blvd',w+blvd,30.246779999999998,-92.26971,0.92,"{'state': 0.89, 'streets': [0.57]}"
533,TotalTrafficHOU,Accident. right shoulder blocked in #SeSide on S Sam Houston Tollway EB at Telephone Rd #traffic http://bit.ly/17hsIjn,2020-08-28 18:35:43+00:00,0,0,,#SeSide #traffic,['telephone rd'],[],[],[],,1.0,'telephone rd',telephone+rd,31.98353,-92.79681,0.99,"{'state': 0.89, 'streets': [1.0]}"
661,TotalTrafficAUS,"Accident cleared in #Travis on I 35 NB at TX-45, slow traffic back to Grand Ave Pky #ATXtraffic http://bit.ly/10BGKax",2020-08-27 00:20:45+00:00,0,0,,#Travis #ATXtraffic,['grand ave'],[],[],[],,1.0,'grand ave',grand+ave,30.179409999999997,-92.05719,0.99,"{'state': 0.89, 'streets': [1.0]}"
539,TotalTrafficBTR,Accident cleared in #Ascension on I 10 WB after LA-73/Old Jefferson Hwy/Prairieville/Geismar/Exit 173 #traffic http://bit.ly/12oyfoo,2020-08-28 17:10:43+00:00,0,0,,#Ascension #traffic,['jefferson hwy'],[],['exit 173'],[],,1.0,"'jefferson hwy','exit 173'",jefferson+hwy%2C+exit+173,29.964509999999997,-90.13094,0.85,"{'state': 0.89, 'streets': [1.0], 'houseNumber': 1.0}"
512,TotalTrafficAUS,"Accident cleared in #Austin on US 183 Frontage SB at Anderson Mill Rd, stop and go traffic back to Hymeadow Dr #ATXtraffic http://bit.ly/10BGKax",2020-08-28 21:30:43+00:00,0,0,,#Austin #ATXtraffic,['mill rd'],['us 183'],[],[],,1.0,"'mill rd','us 183'",mill+rd%2C+us+183,31.16455,-93.27146,0.84,"{'country': 1.0, 'state': 0.89, 'streets': [1.0]}"
586,TotalTrafficHOU,Accident. two right lanes blocked in #NorthSide on N Sam Houston Pkwy WB at Veterans Memorial Toll Plz #traffic http://bit.ly/17hsIjn,2020-08-27 22:45:43+00:00,0,0,,#NorthSide #traffic,['houston pkwy'],[],[],[],,1.0,'houston pkwy',houston+pkwy,29.57303,-90.74235,0.79,"{'state': 0.89, 'streets': [0.9]}"
