User,Text,Date,Favorites,Retweets,Mentions,HashTags
Factinate,"My Spanish teacher was a monster—but one day, she chose the wrong student as her “next victim.”",2020-09-08 18:17:37+00:00,0,0,,
Factinate,"My Spanish teacher was a monster—but one day, she chose the wrong student as her “next victim.”",2020-09-08 18:17:37+00:00,0,0,,
Factinate,"My Spanish teacher was a monster—but one day, she chose the wrong student as her “next victim.”",2020-09-08 18:17:37+00:00,0,0,,
LenovoLegion,"Lenovo Legion x @PlayApex Now is your chance to rise above the rest. Unmatched performance, purposeful engineering, modern design. Gear up with a machine as savage as you are. Stylish outside. Savage inside.",2020-09-03 18:26:48+00:00,9,106,@PlayApex,
LenovoLegion,"Lenovo Legion x @PlayApex Now is your chance to rise above the rest. Unmatched performance, purposeful engineering, modern design. Gear up with a machine as savage as you are. Stylish outside. Savage inside.",2020-09-03 18:26:48+00:00,9,106,@PlayApex,
LenovoLegion,"Lenovo Legion x @PlayApex Now is your chance to rise above the rest. Unmatched performance, purposeful engineering, modern design. Gear up with a machine as savage as you are. Stylish outside. Savage inside.",2020-09-03 18:26:48+00:00,9,106,@PlayApex,
LenovoLegion,"Lenovo Legion x @PlayApex Now is your chance to rise above the rest. Unmatched performance, purposeful engineering, modern design. Gear up with a machine as savage as you are. Stylish outside. Savage inside.",2020-09-03 18:26:48+00:00,9,106,@PlayApex,
LenovoLegion,"Lenovo Legion x @PlayApex Now is your chance to rise above the rest. Unmatched performance, purposeful engineering, modern design. Gear up with a machine as savage as you are. Stylish outside. Savage inside.",2020-09-03 18:26:48+00:00,9,106,@PlayApex,
LenovoLegion,"Lenovo Legion x @PlayApex Now is your chance to rise above the rest. Unmatched performance, purposeful engineering, modern design. Gear up with a machine as savage as you are. Stylish outside. Savage inside.",2020-09-03 18:26:48+00:00,9,106,@PlayApex,
LenovoLegion,"Lenovo Legion x @PlayApex Now is your chance to rise above the rest. Unmatched performance, purposeful engineering, modern design. Gear up with a machine as savage as you are. Stylish outside. Savage inside.",2020-09-03 18:26:48+00:00,9,106,@PlayApex,
LenovoLegion,"Lenovo Legion x @PlayApex Now is your chance to rise above the rest. Unmatched performance, purposeful engineering, modern design. Gear up with a machine as savage as you are. Stylish outside. Savage inside.",2020-09-03 18:26:48+00:00,9,106,@PlayApex,
LenovoLegion,"Lenovo Legion x @PlayApex Now is your chance to rise above the rest. Unmatched performance, purposeful engineering, modern design. Gear up with a machine as savage as you are. Stylish outside. Savage inside.",2020-09-03 18:26:48+00:00,9,106,@PlayApex,
LenovoLegion,"Lenovo Legion x @PlayApex Now is your chance to rise above the rest. Unmatched performance, purposeful engineering, modern design. Gear up with a machine as savage as you are. Stylish outside. Savage inside.",2020-09-03 18:26:48+00:00,9,106,@PlayApex,
LenovoLegion,"Lenovo Legion x @PlayApex Now is your chance to rise above the rest. Unmatched performance, purposeful engineering, modern design. Gear up with a machine as savage as you are. Stylish outside. Savage inside.",2020-09-03 18:26:48+00:00,9,106,@PlayApex,
LenovoLegion,"Lenovo Legion x @PlayApex Now is your chance to rise above the rest. Unmatched performance, purposeful engineering, modern design. Gear up with a machine as savage as you are. Stylish outside. Savage inside.",2020-09-03 18:26:48+00:00,9,106,@PlayApex,
AnkerOfficial,"12 outlets are arranged with enough space to accommodate both large and small plugs, so you can connect as many of your devices as possible with ease.",2020-09-03 14:44:40+00:00,11,57,,
BUZZNET,"They were once the top NBA players, so find out what happened to them after they retired.",2020-09-03 13:34:47+00:00,0,0,,
BUZZNET,"They were once the top NBA players, so find out what happened to them after they retired.",2020-09-03 13:34:47+00:00,0,0,,
Factinate,"When real life is more dramatic than a soap opera, things have gone wrong.",2020-09-01 18:31:43+00:00,0,3,,
Hossinfortworth,"The road in front of my grandparents (RIP) home.... Lots of memories and fun times on this old road. @Long Branch, Texas https://www.instagram.com/p/CEkq7cWj4pBmtHNwh-P4a0CBcNMIzKby9TOqyQ0/?igshid=1r6x1izlyag4h",2020-08-31 23:58:53+00:00,0,0,,
Route66O,12 or 30?,2020-08-31 23:55:26+00:00,0,0,,
Ow75Tina,"Listen, I’ve been watching your journey on here and you are always very thoughtful. I don’t believe you made this choice blindly or easily at all. I don’t agree your choice, but I appreciate your process. It’s kind like how Ryan Knight got a lot of hell for going his route ",2020-08-31 23:54:53+00:00,0,1,,
KitKat7975,"The Road- (2009) American post-apocalyptic survival film directed by John Hillcoat and written by Joe Penhall, based on the 2006 novel of the same name by Cormac McCarthy. The movie is amazing. I watched it once back in 2013 and I think about it a lot actually ",2020-08-31 23:54:50+00:00,0,0,,
Route66O,Imagine if he were alive today.,2020-08-31 23:53:50+00:00,0,0,,
METROHouAlerts,A bus on the #METROBus52 route NB is delayed near Burnett TC due to a maintenance issue. ^S ,2020-08-31 23:52:52+00:00,0,0,,#METROBus52
JenHale504,"BI attributes part of his improvement to extra work he put in behind the scenes. Every night, home or road, BI &amp; @ZO2_ did an extra nightly workout w/ @PelicansNBA shooting coach Fred Vinson. Take a look at the story @rdoyle79 &amp; I did on those sessions:",2020-08-31 23:49:48+00:00,4,34,@ZO2_ @PelicansNBA @rdoyle79,
Route66O,,2020-08-31 23:47:35+00:00,0,0,,
METROHouAlerts,A bus on the #METROBus259 route outbound is delayed near Travis at Pease due to a minor bus accident. ^S ,2020-08-31 23:36:57+00:00,1,0,,#METROBus259
YoungLunatic504,If it don’t ripple it don’t make sense...,2020-08-31 23:32:06+00:00,0,0,,
MarioGetBandz,If y’all need a road dog hit me cause if I ain drivin I’ll ride wit ya it feel good riding passenger,2020-08-31 23:29:18+00:00,0,0,,
dwightbdan,"Meet Jemma, my 2012 Road Glide Custom @Republic Harley-Davidson https://www.instagram.com/p/CEknXHuh5WH/?igshid=1a1ov80tvp26m",2020-08-31 23:27:42+00:00,0,1,,
AVD_LAW,"Great hands, great route runner, flat out fast! ",2020-08-31 23:26:35+00:00,0,0,,
BHGREGaryGreene,Just listed by Susan Missiha in #Houston #TX. 4705 Warm Springs Road! Please retweet! https://tour.corelistingmachine.com/home/KJ6DHM,2020-08-31 23:24:55+00:00,0,0,,#Houston #TX
SKINNYTRAE,Lane changin x sob,2020-08-31 23:23:53+00:00,0,0,,
atKWMemorial,See a virtual tour of one of our newest #listings 207 Isles End Road #Galveston #TX https://tour.corelistingmachine.com/home/AWGFEV,2020-08-31 23:22:11+00:00,0,0,,#listings #Galveston #TX
YoungLunatic504,Ppl funny...,2020-08-31 23:20:10+00:00,0,0,,
TKMoniker,Chuck Berry Route 66 https://youtu.be/tg2EbJy-9dc via @YouTube audio,2020-08-31 23:16:13+00:00,5,14,@YouTube,
TotalTrafficHOU,"Disabled vehicle, left lane blocked in #SouthSide on Hwy 288 NB at Yellowstone #traffic http://bit.ly/17hsIjn",2020-08-31 23:15:44+00:00,0,0,,#SouthSide #traffic
321mdl,I’m supporting #maevesmiles today by making a donation &amp; virtually biking a 2-mile (x7) route near Midlothian on my @gorouvy @wahoofitness @FeltBicycles setup https://my.rouvy.com/virtual-routes/detail/22382 #rouvy #virtualtraining,2020-08-31 23:07:12+00:00,0,0,@gorouvy @wahoofitness @FeltBicycles,#maevesmiles #rouvy #virtualtraining
TotalTrafficAUS,"Accident, left lane blocked in #Travis on I-35 NB approaching Cesar Chavez St/Exit 234, stop and go traffic back to Woodland Ave #ATXtraffic http://bit.ly/10BGKax",2020-08-31 23:05:43+00:00,0,0,,#Travis #ATXtraffic
YoungLunatic504,I was raised in pure ignorance with class...,2020-08-31 22:59:02+00:00,0,2,,
ClearCreekISD,"It was great having our buses back on the road &amp; seeing the excitement of around 10,000 students fill the halls of our campuses today! Thank you to everyone who had a hand in making it happen. We look forward to welcoming back the rest of our Brick &amp; Mortar students on Sept. 14. ",2020-08-31 22:52:15+00:00,8,54,,
EoinJon,Route Two in Weekapaug!!!! ,2020-08-31 22:52:08+00:00,0,2,,
YoungLunatic504,If he did then why would we need him ,2020-08-31 22:48:03+00:00,0,0,,
anita_yann,Pardon vas dormir personne ne veut entendre tes conneries la...passe ta route tranquillement femme pasteur,2020-08-31 22:38:25+00:00,0,1,,
aljnvdro,I know. The demoncrats are taking the chinese route. Many are blind to see that,2020-08-31 22:30:56+00:00,0,0,,
TotalTrafficBTR,Stall cleared in #EastBatonRouge on I 10 EB after Siegen Lane/LA-3246/Exit 163 #traffic http://bit.ly/12oyfoo,2020-08-31 22:20:43+00:00,0,0,,#EastBatonRouge #traffic
shaymecheee,lets not pretend we dk what the left lane is for ppl .. ,2020-08-31 22:16:01+00:00,0,0,,
RachelBissett3,"In trumps crazy mind, yes. Also the magats had posted publicly what their route was going to be. But they decided to veer off that path and take a drive through the peaceful protesters and turned it into a violent deadly event. ",2020-08-31 22:10:33+00:00,0,1,,
liarsalwayslie,If someone loans you their car what do you mean you can’t drive it???? Every service vehicle you see on the road belongs to someone else. I can let my brother borrow my car. I can let my daughter drive my car. I can let my friend drive my car.,2020-08-31 22:02:09+00:00,0,0,,
aggieparking,Struggling to get to campus? We offer a Park & Ride service! Just park at The First Baptist Church of College Station and our bus Route 34 will swing by and get you to campus! For more information check out http://transport.tamu.edu/Transit/service.aspx#parknride @TAMU @tamustudentlife @TAMUResLife,2020-08-31 22:01:03+00:00,0,1,@TAMU @tamustudentlife @TAMUResLife,
GetToAggieGame,Struggling to get to campus? We offer a Park & Ride service! Just park at The First Baptist Church of College Station and our bus Route 34 will swing by and get you to campus! For more information check out http://transport.tamu.edu/Transit/service.aspx#parknride @TAMU @tamustudentlife @TAMUResLife,2020-08-31 22:01:03+00:00,1,0,@TAMU @tamustudentlife @TAMUResLife,
Donovann___,Ran that Drake route lmao ,2020-08-31 21:56:06+00:00,0,0,,
CactusBlack_,Lemme get a PS4 code,2020-08-31 21:42:36+00:00,0,0,,
alyssarenee54,Imma stay in my fucked up lane ,2020-08-31 21:41:02+00:00,0,0,,
nathanmanp,Houston Police has a block of Westheimer blocked off. Forces you to turn with no clear guidance on a detour route then the side road is blocked too,2020-08-31 21:37:13+00:00,0,0,,
METROHouAlerts,A bus on the #METROBus292 route outbound is delayed near US 59 HOV at Uptown due to a flat tire. ^S ,2020-08-31 21:36:46+00:00,0,0,,#METROBus292
CactusBlack_,PS4 I'll give yall a 10 on metacritic ,2020-08-31 21:28:02+00:00,0,0,,
TotalTrafficHOU,"Accident, left lane blocked in #Channelview on I-10 Baytown E Fwy EB before Uvalde/Market, stop and go traffic back to Normandy #traffic http://bit.ly/17hsIjn",2020-08-31 21:25:43+00:00,0,0,,#Channelview #traffic
CactusBlack_,Ps4,2020-08-31 21:20:50+00:00,0,0,,
TotalTrafficHOU,"Disabled vehicle, center lane blocked in #NorthSide on N Sam Houston Pkwy WB at Veterans Memorial Toll Plz #traffic http://bit.ly/17hsIjn",2020-08-31 21:20:43+00:00,0,0,,#NorthSide #traffic
JeffOnTheRight,The projection. He doesn't like the idea of a conservative not going the usual establishment conservative Inc route when it comes to black people. The cognitive dissonance must be killing him. ,2020-08-31 21:16:14+00:00,1,10,,
TotalTrafficHOU,"Fire department activity. right lane blocked in #NorthSide on 610 WB at Hirsch, stop and go traffic back to Lockwood #traffic http://bit.ly/17hsIjn",2020-08-31 21:15:43+00:00,0,0,,#NorthSide #traffic
kay_bradford,"Parents- thank you for your patience as we move through dismissal for our Buffs. Not knowing if the road behind the cafeteria would be ready, we had our alternate plan for our litttle PK-1 Buffs behind the school.… https://www.instagram.com/p/CEkX1ztFmO-/?igshid=1ax7494abm5qx",2020-08-31 21:12:03+00:00,0,0,,
ComplexWays,"Nothing at all!! He took the easy route. Then had the nerve to post her basically naked, as if that was supposed to do something?!?! No one got the correlation sir, we're STILL laughing and you're still taking ""L's""!!! ",2020-08-31 20:59:42+00:00,0,1,,
YoungLunatic504,We throwing a second line for King T’Challa or Na ,2020-08-31 20:53:33+00:00,1,2,,
RouteCombo,COMEBACK OF THE YEAR! #MaddenNFL21 https://youtu.be/s-OfWt4WAIY,2020-08-31 20:50:34+00:00,0,2,,#MaddenNFL21 #MaddenNFL21
CactusBlack_,PS4,2020-08-31 20:49:31+00:00,0,0,,
CactusBlack_,PS4 hook me up,2020-08-31 20:49:05+00:00,0,0,,
bradgarropy,Reduced our app's bundle size by 95% today! 22mb -> 1mb We were removed inline source maps and leveraged @reactjs #suspense to #lazy load route components. ,2020-08-31 20:46:08+00:00,0,3,@reactjs,#suspense #lazy
TotalTrafficBTR,"Disabled vehicle, right lane blocked in #EastBatonRouge on I 10 EB after Siegen Lane/LA-3246/Exit 163 #traffic http://bit.ly/12oyfoo",2020-08-31 20:40:43+00:00,0,0,,#EastBatonRouge #traffic
TotalTrafficSAT,"Accident, right lane blocked in #NewBraunfels on I-35 (Northeast Side) NB at Solms Rd/Exit 183, stop and go traffic back to Engel Rd/Exit 182 #traffic http://bit.ly/17hwv06",2020-08-31 20:40:43+00:00,0,0,,#NewBraunfels #traffic
mackenzieGNF,It’s not a road trip without having to take a xanax for my stupid anxiety!!!,2020-08-31 20:27:26+00:00,0,0,,
CactusBlack_,#PS4share,2020-08-31 20:24:54+00:00,0,0,,#PS4share
TitoStarr1,Hbd To The President Of Down Da Road Ent. @onewayg14 We love and thank you for everything you do . #birthday #hbd #family #cousin #summer #summertime #DownDaRoad #DownDaRoadEnt #DownDaRoadBoyz #follow… https://www.instagram.com/p/CEkSVvihpq_/?igshid=1hl4hsa18fyxh,2020-08-31 20:24:01+00:00,0,0,@Onewayg14,#birthday #hbd #family #cousin #summer #summertime #DownDaRoad #DownDaRoadEnt #DownDaRoadBoyz #follow
3TENaustin,"Shotgun Willie Weddings are coming! Take the quickest route to wedded bliss with a 30 minute quickie session, available ONLY on Sun, 9/20. Enjoy a ceremony in front of the ACL skyline, backstage celebration, &amp; Smilebooth photos! Pre-book now &amp; save $100: https://acl.live/2EL2YGZ",2020-08-31 20:11:02+00:00,1,1,,
Alosguy,"It's always the case, unintelligent, uninformed people always take the insult route. Poor thing",2020-08-31 20:07:41+00:00,0,0,,
AustinCory,"What? The whole point of seeding in sports is to reward teams for performance by giving them easier routes to a title. They want the easier route to increase their title odds, not because they are afraid of a challenge.",2020-08-31 20:02:56+00:00,0,0,,
wonka_monka,"To be fair, I REALLY thought you’d go for the legal smuggling...should I have gone the straight-up pirate route?",2020-08-31 19:57:30+00:00,0,3,,
juliebeth,"that HEADLINE made me read it! and i follow the Texas Monthly, natch. we have HUGE mixmasters in Texas, and they're always building more. i have a friend who is afeart of heights and won't drive any route involving them. she always has to go the long way 'round.",2020-08-31 19:55:17+00:00,0,1,,
DeagyBoi,that route*,2020-08-31 19:48:23+00:00,0,0,,
hawknado,"Does seem like they could go the DLC/Update release route. Base ""MADDEN"" and just update the installed game",2020-08-31 19:36:49+00:00,0,1,,
RedStickChick23,Looks like a great road trip!,2020-08-31 19:35:40+00:00,0,1,,
emfoxhall,I just heard from David who now has made it farther down the road to where his retirement home was. He didn’t expect it to be there. He was right: https://twitter.com/emfoxhall/status/1300491795558739969,2020-08-31 19:26:16+00:00,1,0,,
Maddog_2026,Working releases and route running with former @12thMan Safety @WBautovich @wesbworkouts @BJHAthletics @FosterFootball @TexAgs @Rivals,2020-08-31 19:21:56+00:00,1,3,@12thMan @WBautovich @wesbworkouts @BJHAthletics @FosterFootball @TexAgs @Rivals,
budgetfencedfw,"Not a good feeling when you’re 26 foot trailer goes bouncing down the road due to a blown out axle @Round Rock, Texas https://www.instagram.com/p/CEkLDZcpoIG/?igshid=sy4sgqj6960b",2020-08-31 19:20:20+00:00,0,0,,
BHINTONRLTR,I would love to show you my #listing at 55 Batre Lane #2 #Mobile #AL #realestate https://tour.corelistingmachine.com/home/WMYEXW,2020-08-31 19:06:04+00:00,0,0,,#listing #Mobile #AL #realestate
tc5920,The floofy feets are the best. ,2020-08-31 18:57:49+00:00,0,2,,
Mr_iBPU,People that can’t turn into the 1st lane shouldn’t have a driver’s license,2020-08-31 18:50:55+00:00,0,0,,
JoeHoustonProps,I am looking for a buyer for 4300 Rosslyn Road 27 #Houston #TX #realestate https://tour.corelistingmachine.com/home/JP4EH7,2020-08-31 18:50:04+00:00,0,0,,#Houston #TX #realestate
kconleyy,Its crazy i be tryna find every lil reason to get on the road.,2020-08-31 18:30:52+00:00,0,0,,
Moneysignthadon,nigga ain’t wanna show me tha way I found my own route,2020-08-31 18:26:45+00:00,0,0,,
TotalTrafficBTR,"Accident, right lane blocked in #EastBatonRouge on I-12 EB between Oneal Ln/Hwy 3245/Exit 7 and Range Ave./Hwy 3002/Exit 10 #traffic http://bit.ly/12oyfoo",2020-08-31 18:20:43+00:00,0,0,,#EastBatonRouge #traffic
TotalTrafficHOU,Accident. left lane blocked in #NwSide on W Sam Houston Tollway SB at Tanner Rd #traffic http://bit.ly/17hsIjn,2020-08-31 18:00:43+00:00,0,1,,#NwSide #traffic
philospherical,you folks who imagine there will be another election down the road if Trump steals this one...,2020-08-31 17:36:29+00:00,0,3,,
matthewhmiller,@MobileALTraffic accident eastbound Cottage Hill at Knollwood intersection. Left lane blocked.,2020-08-31 17:34:19+00:00,0,1,@MobileALTraffic,
jdooley_clt,"There's irony that Vicksburg was the beginning of the end for the fight over slavery, yet 100 years later the fight continued, with all the achievements of reparation essentially erased. Just up the road in Birmingham and Anniston, AL the next battle for equality began. – at Vicksburg National Military Park",2020-08-31 17:26:49+00:00,0,1,,
coach_pat84,"If you a RB and can’t run routes you will be benched in Highschool, college and cut in the Pros... Learnd the route tree RB’s",2020-08-31 17:26:44+00:00,2,20,,
TotalTrafficSAT,"Road construction, right lane closed in #NeSide on I-35 (Northeast Side) NB at Evans Rd, stop and go traffic back to Olympia Pkwy #traffic http://bit.ly/17hwv06",2020-08-31 17:25:43+00:00,0,0,,#NeSide #traffic
HouCLT,HCLT's Affordable House of the week! 7923 Virgil Lane. Picture your family wrapped up in blue. The serene exterior of this house with its fine landscaping and 7' cedar privacy fence is matched by the well-crafted… https://www.instagram.com/p/CEj8nm6JG-G/?igshid=1k5zqh305xcfp,2020-08-31 17:14:13+00:00,1,1,,
RexDiamonds,I need a road trip this weekend,2020-08-31 16:41:46+00:00,1,0,,
TotalTrafficHOU,"Accident. only the right lane gets by in #Baytown on I-10 EB near Monmouth, stopped traffic back to Sheldon #traffic http://bit.ly/17hsIjn",2020-08-31 16:25:43+00:00,0,0,,#Baytown #traffic
SeanSteffen,"What this example actually shows is the ludicrous home advantage of MLS. If the game was played on spreadsheets, they could almost simulate it in a bubble by having the ""road team"" play down a man. Obviously this isn't a suggestion and there is more than what's on the spreadsheet",2020-08-31 16:06:20+00:00,0,0,,
SeanSteffen,"So, the numbers come out to a 1.2 expected points value for a home team being down a man all game and 0.9 for a road game. Of course, this example is extreme and we can't measure things like confidence of a road team in this situation or panic of a home team.",2020-08-31 16:03:17+00:00,0,2,,
kaywiththevibes,Here is a view of my new CRAFT ROOM. My husband has been excited to see me put it together. I have been piecing together every room except this one.⁣ ⁣ I tried putting my fabric at the road. My husband brought it… https://www.instagram.com/p/CEj0c9InI_H/?igshid=w98rlrcfcvxx,2020-08-31 16:02:52+00:00,0,0,,
TotalTrafficBTR,"Road construction, left lane closed in #Ascension on I 10 EB before US 61/Gramercy/Sorrento/Exit 187 #traffic http://bit.ly/12oyfoo",2020-08-31 15:55:43+00:00,0,0,,#Ascension #traffic
TotalTrafficBTR,"Road construction, left lane closed in #Ascension on I 10 EB before US 61/Gramercy/Sorrento/Exit 187 #traffic http://bit.ly/12oyfoo",2020-08-31 15:55:43+00:00,0,0,,#Ascension #traffic
SeanSteffen,"Would you rather play an entire home game in MLS down a man or play the same game 11 v 11 on the road? Chances are, analytics and your gut are going to be at odds on this one.",2020-08-31 15:52:28+00:00,0,3,,
Barketizers,"I trim that fat away, and why do I do that? Rendered fat hanging out inside dog treats will go rancid in the future That's why preservatives have to be added! No thanks, I'll take the longer road and put in that… https://www.instagram.com/p/CEjzEL1pe95/?igshid=u5do7gam7jcd",2020-08-31 15:50:48+00:00,0,1,,
TotalTrafficBTR,"Road marking operations, left lane closed in #Ascension on I 10 EB before US 61/Gramercy/Sorrento/Exit 187 #traffic http://bit.ly/12oyfoo",2020-08-31 15:50:45+00:00,0,0,,#Ascension #traffic
TotalTrafficBTR,"Road marking operations, left lane closed in #Ascension on I 10 EB before US 61/Gramercy/Sorrento/Exit 187 #traffic http://bit.ly/12oyfoo",2020-08-31 15:50:45+00:00,0,0,,#Ascension #traffic
michaelkrik,My record is 8 straight green lights on the opposite lane from me there. People were just going around me. I wanted to see how many it would go. Gave up after 8 and just went.,2020-08-31 15:40:44+00:00,0,1,,
mpscheerer,"A haunting reminder this morning of no Fall sports, but a happy memory nonetheless on the road last year with @UNDvolleyball in New Orleans. – at 21st Amendment",2020-08-31 15:07:38+00:00,0,0,@UNDvolleyball,
IBERIABANK,"Our dedication to providing access to your money is stronger than ever. In order to take care of your financial needs, beginning today, the following SWLA banking centers are open from 10am - 3pm. Nelson Road, Mid City , Highway 14, Moss Bluff &amp; Kinder. http://www.iberiabank.com",2020-08-31 14:19:13+00:00,0,2,,
TotalTrafficBTR,"Accident, left lane blocked in #Lafayette on I 10 WB after Louisiana Ave/Exit 104 #traffic http://bit.ly/12oyfoo",2020-08-31 14:15:43+00:00,0,0,,#Lafayette #traffic
YM_takeova,Lane Johnson &amp; the Philadelphia Eagles don’t fear lineman. Now which one he better than ? ,2020-08-31 14:09:19+00:00,0,0,,
Old_Humble,"When someone says “there’s a ton of cars on the road”, they’re really just saying that traffic is really really really light. Because cars are pretty heavy.",2020-08-31 14:07:46+00:00,0,3,,
YM_takeova,That massive shit means NOTHING he’s proven not one thing in the NFL. Lane not having it better do your homework lol,2020-08-31 13:47:38+00:00,0,0,,
TotalTrafficBTR,"Accident, right lane blocked in #WestBatonRouge on I 10 EB before LA-415/Lobdell/Exit 151 #traffic http://bit.ly/12oyfoo",2020-08-31 13:45:43+00:00,0,0,,#WestBatonRouge #traffic
_jujulianne,might have to make a road trip ,2020-08-31 13:42:28+00:00,0,0,,
JustinAaronUH91,In route to make donations to #LakeCharles,2020-08-31 13:41:26+00:00,1,0,,#LakeCharles
ateanakat,THINGS MY BBYS DID: MF THAT I’ve remained loyal to staying in Joel’s lane but something about this performance had me in everyone else’s lane too bro ,2020-08-31 13:27:21+00:00,0,1,,
nessssa_75,Get out of the fast lane if you’re gonna drive slow af ,2020-08-31 13:12:26+00:00,4,22,,
TotalTrafficBTR,"Accident, left lane blocked in #Lafayette on I 10 WB at Louisiana Ave/Exit 104 #traffic http://bit.ly/12oyfoo",2020-08-31 13:00:43+00:00,0,0,,#Lafayette #traffic
Bozo_Texino,The Fast Lane: Cummins Diesel-Powered Ford Truck Breaks the Pikes Peak International Hill Climb Record. https://www.tfltruck.com/2020/08/cummins-diesel-powered-ford-truck-breaks-the-pikes-peak-international-hillclimb-record/ via @GoogleNews,2020-08-31 12:53:39+00:00,0,0,@googlenews,
TotalTrafficBTR,"Disabled vehicle, right lane blocked in #EastBatonRouge on I-110 SB at Laurel St/Exit 1H #traffic http://bit.ly/12oyfoo",2020-08-31 12:45:43+00:00,0,0,,#EastBatonRouge #traffic
Bryce_Newberry,Happening now: @ATCEMS &amp; @austinfiredept working to help someone stuck on a crane down. E 3rd St near I-35 frontage road. Avoid the area as emergency responders have the area blocked off. @KVUE,2020-08-31 12:43:53+00:00,3,5,@ATCEMS @austinfiredept @KVUE,
TotalTrafficAUS,"Accident, left lane blocked in #Austin on FM 973 NB at McKenzie Rd #ATXtraffic http://bit.ly/10BGKax",2020-08-31 12:35:43+00:00,0,0,,#Austin #ATXtraffic
TotalTrafficHOU,"Stalled 18-wheeler blocks right lane and shoulder in #Downtown on I-45 SB at Dallas St, stopped traffic back to N. Main #traffic http://bit.ly/17hsIjn",2020-08-31 12:30:43+00:00,0,0,,#Downtown #traffic
TotalTrafficHOU,"Accident, right lane blocked in #NorthwestSide on W Sam Houston Tollway NB at Philippine, stopped traffic back to Little York #traffic http://bit.ly/17hsIjn",2020-08-31 12:30:43+00:00,0,0,,#NorthwestSide #traffic
TotalTrafficHOU,"Stalled 18-wheeler blocks right lane and shoulder in #Downtown on 45 Gulf Fwy SB at Dallas St, stopped traffic back to Hogan/Crockett St #traffic http://bit.ly/17hsIjn",2020-08-31 12:20:43+00:00,0,0,,#Downtown #traffic
Road_Dawg_WDJ,@DELv2 is the stream down ?,2020-08-31 12:13:17+00:00,0,0,@DELv2,
TotalTrafficAUS,"Accident, left lane blocked in #Austin on FM 973 NB at McKenzie Rd #ATXtraffic http://bit.ly/10BGKax",2020-08-31 12:00:43+00:00,0,0,,#Austin #ATXtraffic
ReporterTimmy,"JUST HAPPENED: MAN RAN OUT OF CIRCLE K STORE WITH 4 CASES OF BEER It happened at the Circle K store, located at 6704 Pines Road.A male entered into the store, which he grabbed 4 cases of beer. Without paying for the cases of beer, he ran out of the store. He was last seen on foot ",2020-08-31 11:56:00+00:00,1,3,,
TotalTrafficHOU,"Accident blocks right lane of exit ramp in #WestSide on 610 W Lp SB at 69 The SW Fwy, stop and go traffic back to Memorial Dr #traffic http://bit.ly/17hsIjn",2020-08-31 11:55:43+00:00,0,0,,#WestSide #traffic
TotalTrafficHOU,"Accident. only the left lane gets by in #NorthwestSide on Sam Houston Tollway NB at Philippine, stopped traffic back to Little York #traffic http://bit.ly/17hsIjn",2020-08-31 11:35:42+00:00,0,0,,#NorthwestSide #traffic
TotalTrafficHOU,"Accident. only the left lane gets by in #NorthwestSide on W Sam Houston Tollway NB at Philippine, stopped traffic back to Hwy 290 #traffic http://bit.ly/17hsIjn",2020-08-31 11:10:43+00:00,0,0,,#NorthwestSide #traffic
ImagesMatthew,"Keep in mind like last week, their ""cloud based app"" Lighroom CC had an update that erased so many unbacked up photos. Permanently. Going down that road is tricky.",2020-08-31 11:09:15+00:00,0,1,,
TotalTrafficBTR,"Road construction, roadway reduced to one lane in #EastBatonRougeParish on I 10 WB at Highland Rd/LA-42/Exit 166 #traffic http://bit.ly/12oyfoo",2020-08-31 10:55:43+00:00,1,0,,#EastBatonRougeParish #traffic
TotalTrafficBTR,"Road construction, roadway reduced to one lane in #EastBatonRougeParish on I 10 WB at Highland Rd/LA-42/Exit 166 #traffic http://bit.ly/12oyfoo",2020-08-31 10:55:43+00:00,1,0,,#EastBatonRougeParish #traffic
aainodes,A white truck on side the road like the ppl. Blew me,2020-08-31 10:12:01+00:00,0,0,,
iamAJGutierrez,"I miss my JET LIFE already! We flying the first class Up in the sky Poppin' champagne Livin' my life In the fast lane And I won't change For the glamorous, oh the flossy flossy The glamorous, The… https://www.instagram.com/p/CEipQ5FHu-r/?igshid=mobflyqecza6",2020-08-31 05:07:12+00:00,0,0,,
Amby_Latte,We haven’t gone the pizza route yet. Rice and gravy would hit so hard.,2020-08-31 04:56:49+00:00,0,1,,
404Logan,Weston road flows...,2020-08-31 04:40:55+00:00,0,0,,
danywya,"Bet text me, me and lane running with a random we just met",2020-08-31 04:33:38+00:00,0,0,,
danywya,Lol me and lane got warzone and al green going on. Great lil combo,2020-08-31 04:30:41+00:00,1,1,,
tbeaux29,"We are on a 2 lane highway. Other way is 1 lane. Its about 100 miles to Houston.(2 hour drive Takes 6,8,12 16 hours to get there from people cars breaking down, in 100 degree)LOOK at the People... You think if there is a place to CHARGE .. it wont be A LINE for HOURS... ",2020-08-31 00:17:25+00:00,0,0,,
blockwonkel,"8/30 Junna Route Daru fixes a memory leak that Frau missed, and instead of revealing that he's DaSH, he reveals that he's ""My Favorite Right Arm"". Mitchy reveals he was lying about his injury. Daru passes on some Okabe advice about overcoming failure to Junna. #dashspoilers",2020-08-30 22:45:07+00:00,0,1,,#dashspoilers
blockwonkel,"8/30 Airi Route Daru tails Kai and Airi on their date so that the weakening device can keep Airi in adult mode. Akiho tails them because she's jealous. Kai buys AiLY a pendant. When she asks for a kiss before the clock strikes 12, he kisses her... on the forehead. #dashspoilers",2020-08-30 22:34:02+00:00,0,0,,#dashspoilers
blockwonkel,8/30 Akiho Route They bring GunBuild 2 to the festival grounds late at night and reassemble him. That's all. #dashspoilers,2020-08-30 20:45:21+00:00,0,1,,#dashspoilers
NorthlineLex,@METROHouston dont play with mask mandate. Driver stopped mid route just to tell me about my mask as I momentarily put it down for a sip of water. Props.,2020-08-30 20:23:44+00:00,3,8,@METROHouston,
NuWaveSwimClub,"#socialdistancing and #sundayswimming COVID19 has made scheduling lane space challenging, but sacrifices must be made. #nuwaveswimclub #makingwaves @UNO Aquatic Center https://www.instagram.com/p/CEhtKxRlvQm/?igshid=3r3c37m20qy1",2020-08-30 20:22:05+00:00,0,0,,#socialdistancing #sundayswimming #nuwaveswimclub #makingwaves
blockwonkel,8/30 Frau Route Not much happens. Frau's shutting herself in again. #dashspoilers,2020-08-30 20:14:01+00:00,0,0,,#dashspoilers
RowlandRealtor,See a video of my newest #listing 13303 Kingsride Lane #Houston #TX http://video.corelistingmachine.com/549b79775f4bf4530ce2b,2020-08-30 20:11:44+00:00,1,1,,#listing #Houston #TX
CarolynChadwicx,"Additionally, it shows that only ONE customer is out; however my entire street is still without power (Mount Pisgah Lane) ",2020-08-30 20:02:35+00:00,0,0,,
CarolynChadwicx,"@Entergy @EntergyLA please let me know who these belong to (you guys or @CITYofRUSTON) so y'all can give us accurate reports for Mount Pisgah Lane, Ruston, LA Twice we've had premature reports that our power is restored with no change in equipment nor servicemener seen on site. ",2020-08-30 19:57:42+00:00,0,1,@Entergy @EntergyLA @CITYofRUSTON,
TotalTrafficHOU,Accident. left shoulder and lane blocked in #SouthSide on Hwy 288 NB at Orem #traffic http://bit.ly/17hsIjn,2020-08-30 19:40:43+00:00,0,0,,#SouthSide #traffic
TotalTrafficAUS,"Accident, left lane blocked in #Williamson on I 35 SB at US-79/Sam Bass Rd, stop and go traffic back to FM 3406/Old Settlers Blvd #ATXtraffic http://bit.ly/10BGKax",2020-08-30 19:05:43+00:00,0,0,,#Williamson #ATXtraffic
Doooougie07,She’s being a brat butttttttttt she’s right... you are not supposed to start your approach at the same time as the person on the lane next to you ,2020-08-30 18:18:07+00:00,2,8,,
TotalTrafficHOU,"Accident, right lane blocked in #MissouriCity on S SAM HOUSTON TOLLWAY EB at Hillcroft #traffic http://bit.ly/17hsIjn",2020-08-30 17:35:43+00:00,0,0,,#MissouriCity #traffic
TotalTrafficHOU,"Disabled vehicle, right lane blocked in #PasadenaArea on E SAM HOUSTON TOLLWAY NB before Jacinto Port Blvd #traffic http://bit.ly/17hsIjn",2020-08-30 17:00:43+00:00,0,0,,#PasadenaArea #traffic
bdkbookie1,Been staying in my own lane ,2020-08-30 16:45:46+00:00,0,6,,
TotalTrafficHOU,Debris. right lane blocked. in #SouthSide on SH-288 NB at Bellfort #traffic http://bit.ly/17hsIjn,2020-08-30 16:25:43+00:00,0,0,,#SouthSide #traffic
Adrianvasquezkw,Come out before you start your Sunday funday! beautiful townhouse in the Memorial/City Centre area! Refreshments available 338 Litchfield Lane 2pm-4pm! ,2020-08-30 15:42:23+00:00,0,0,,
jimjam20forever,But for those who are actually understanding what we're coming from and actually care I'm not talking to you but for those who want to muddy what black lives matter mean or what it means to black people you can kindly shut the fuck up because you're in the wrong lane,2020-08-30 14:32:23+00:00,0,1,,
TotalTrafficHOU,"Disabled vehicle, center lane blocked in #WestSide on I-10 Katy Hov Outbound after Hwy 6 #traffic http://bit.ly/17hsIjn",2020-08-30 13:35:43+00:00,0,0,,#WestSide #traffic
TotalTrafficAUS,"Accident, right lane blocked in #Williamson on I 35 Frontage Rd SB at FM 3406/Old Settlers Blvd #ATXtraffic http://bit.ly/10BGKax",2020-08-30 13:30:43+00:00,0,0,,#Williamson #ATXtraffic
TotalTrafficAUS,"Accident, right lane blocked in #Travis on I 35 SB at Wells Branch Pkwy/FM 1825 #ATXtraffic http://bit.ly/10BGKax",2020-08-30 11:55:42+00:00,0,0,,#Travis #ATXtraffic
BHollandSports,"So, the game winner for the first game of the 2020 season was a fade route?? ",2020-08-30 09:40:34+00:00,0,0,,
_savannahhpaige,stoner pie is en route,2020-08-30 06:59:28+00:00,0,8,,
blockwonkel,"8/29 Akiho Route GunBuild 2 is now complete! Akiho rechristens it ""ν GunBuild 2"", which Subaru foolishly mistakes as ""NEW"" instead of ""Nu"". #dashspoilers",2020-08-30 06:32:22+00:00,1,2,,#dashspoilers
blockwonkel,8/29 Subaru Route Subaru's suddenly motivated. He revises Akiho's script to be easier for kids to understand and Frau's script to be... more appropriate for kids. Daru tries to claim credit for motivating Subaru despite being drunk and asleep when it happened. #dashspoilers,2020-08-30 06:27:57+00:00,0,0,,#dashspoilers
blockwonkel,8/29 Nae Route Nothing happens today.,2020-08-30 06:27:35+00:00,0,0,,
blockwonkel,"8/29 Airi Route Airi: I can't grow up! Daru: Me neither. Good news, Maho fans! Kurisu references her AI researcher senpai, who tried to track down Kimijima's advanced AI but failed. #dashspoilers",2020-08-30 06:19:07+00:00,0,1,,#dashspoilers
blockwonkel,"8/29 Junna Route Another G Gundam reference. Also, Junna and her siblings play Tanegashiman in public without Junna getting embarrassed since she's wearing a mask, which gives Daru an idea. #dashspoilers",2020-08-30 06:17:15+00:00,0,1,,#dashspoilers
blockwonkel,8/29 Frau Route British Chie's gone. Sigma Man's dating 420 Guy. The girls go wild when the boys recreate Daru's Kaibaru fanfic from yesterday's Subaru Route as bait. They may have to kill the fujoshi monster with a giant robot before it turns the entire world gay. #dashspoilers,2020-08-30 06:17:02+00:00,0,1,,#dashspoilers
ClassyKaiiii,I stay in my lane so if a mf speaking on me they really doing too much.,2020-08-30 05:15:06+00:00,0,1,,
JArnoldTAMU85,Lmaooooo I still can’t believe Byron is going to victory lane in a car sponsored by Liberty University ,2020-08-30 02:30:28+00:00,0,9,,
1redbiitchh,riding in a fast kar in the fast lane wit a bad bitch look like Lala,2020-08-30 02:10:57+00:00,0,0,,
BillyGomila,First horrible fade route of the season!,2020-08-30 02:09:28+00:00,0,3,,
yobani__,Did you take the barber/bartender route or the IT hell route after your scene years?,2020-08-30 01:02:47+00:00,0,0,,
2Cobey2,"Yeah he was takin him to school.. I always say guys that come outta college at age 23 or older better be legit at RR. Terry Mc, Ridley, Van all are damn near elite Route Runners. ",2020-08-30 00:34:29+00:00,1,0,,
TotalTrafficHOU,Accident. right lane blocked in #WestSide on I-10 Katy Fwy Outbound before Campbell #traffic http://bit.ly/17hsIjn,2020-08-30 00:20:43+00:00,0,0,,#WestSide #traffic
PoeDaughter7,Vegan BBQ in Austin at Kerbey Lane! – at Kerbey Lane Cafe,2020-08-30 00:04:36+00:00,0,0,,
kmcorder,I call that route “social distancing”,2020-08-30 00:01:35+00:00,0,2,,
PoeDaughter7,Kerbey Lane Cafe is open for dining inside! The menus are all online to keep germs away. @Kerbey Lane Cafe https://www.instagram.com/p/CEfhpYpHNV5/?igshid=18r26khh5nvj5,2020-08-30 00:01:33+00:00,0,0,,
TotalTrafficHOU,Accident. left lane blocked in #SeSide on I-45 Gulf Fwy Inbound at Telephone Rd. #traffic http://bit.ly/17hsIjn,2020-08-30 00:00:44+00:00,0,0,,#SeSide #traffic
TotalTrafficHOU,Accident. right lane blocked in #WestSide on I-10 Katy Hov Inbound before Hwy 6 #traffic http://bit.ly/17hsIjn,2020-08-30 00:00:43+00:00,0,0,,#WestSide #traffic
PoeDaughter7,"Kearney Lane is open for inside dinner! Woot! (at @KerbeyLaneCafe in Austin, TX) https://www.swarmapp.com/c/6hLsazQdWXp",2020-08-29 23:38:27+00:00,0,0,@kerbeylanecafe,
_JairusKing,Peking’s or Creswell Lane ?,2020-08-29 23:19:18+00:00,0,0,,
TotalTrafficHOU,Accident. right lane blocked in #WestSide on I-610 W Lp SB after Westheimer #traffic http://bit.ly/17hsIjn,2020-08-29 23:15:43+00:00,0,0,,#WestSide #traffic
TotalTrafficHOU,Accident. left lane blocked in #Downtown on I-10 Katy Fwy Inbound before I-45 #traffic http://bit.ly/17hsIjn,2020-08-29 23:15:43+00:00,0,0,,#Downtown #traffic
atKWMemorial,See a virtual tour of one of our newest #listings 12407 Calico Falls Lane #Houston #TX https://tour.corelistingmachine.com/home/H3FJ7E,2020-08-29 23:06:24+00:00,0,0,,#listings #Houston #TX
Mr_Twes,SHUT UP “KAREN” AND STAY IN YOUR LANE!! ,2020-08-29 23:03:06+00:00,0,0,,
atKWMemorial,Just listed by Catherine van Zutphen in #Houston #TX. 12034 Indigo Cove Lane! Please retweet! https://tour.corelistingmachine.com/home/XE2WQB,2020-08-29 23:01:34+00:00,0,0,,#Houston #TX
LexThrowems,LMAO I'll dig an escape route,2020-08-29 22:43:04+00:00,0,1,,
princeTAJHE,In my own lane.,2020-08-29 21:50:53+00:00,0,0,,
tmj_la_sales,"Interested in a job in #WestMonroe, LA? This could be a great fit. Click the link in our bio to apply: Route Service Sales Representative (4-Day Workweek) at Cintas Corporation #cintasjobs",2020-08-29 21:08:23+00:00,0,0,,#WestMonroe #cintasjobs
TotalTrafficHOU,Accident. right lane blocked in #NorthSide on I-45 N Fwy Outbound at The 610 N Lp #traffic http://bit.ly/17hsIjn,2020-08-29 20:40:43+00:00,0,0,,#NorthSide #traffic
TotalTrafficAUS,"Accident, left lane blocked in #Williamson on I 35 SB at FM 3406/Old Settlers Blvd #ATXtraffic http://bit.ly/10BGKax",2020-08-29 20:35:43+00:00,0,0,,#Williamson #ATXtraffic
JPierreDavis,"Sometimes, for no reason at all, I listen to “Turning Lane” by Mike Jones. #HoodMoments",2020-08-29 20:28:57+00:00,0,0,,#HoodMoments
TotalTrafficHOU,Accident. center lane blocked in #SwSide on US-69 SW Fwy Inbound at Chimney Rock #traffic http://bit.ly/17hsIjn,2020-08-29 19:35:43+00:00,0,0,,#SwSide #traffic
R1KBF1Y,"The beauty of her, these hoes ain't in the same lane,, They can't come close..",2020-08-29 19:28:41+00:00,0,0,,
TotalTrafficHOU,Accident. left lane blocked in #NorthSide on I-45 N Fwy Outbound at Gulf Bank #traffic http://bit.ly/17hsIjn,2020-08-29 19:25:43+00:00,0,0,,#NorthSide #traffic
PCPGtyler,"True. We have so many dang listing sites, I have to have a full time employee just to keep up with them. It’s too bad CoStar/LoopNet has taken their chosen route. It really used to be the best.",2020-08-29 19:24:38+00:00,0,0,,
TotalTrafficHOU,Accident. right lane blocked in #WestSide on W Sam Houston Tollway NB before The I-10 Katy Fwy #traffic http://bit.ly/17hsIjn,2020-08-29 18:55:43+00:00,0,0,,#WestSide #traffic
Obedp17,"Never going to make 15k going this route lol never mind im bless to have a job, but 15k sounds good tho!",2020-08-29 18:50:42+00:00,0,0,,
TotalTrafficHOU,Accident. left lane blocked in #Downtown on I-10 Katy Fwy Inbound at I-45 #traffic http://bit.ly/17hsIjn,2020-08-29 18:45:43+00:00,0,0,,#Downtown #traffic
kayy_dott_,Please get on 290 and drive like you know how. Idk who grandma this is in front of me but WHY are u in the fast lane driving 60 ? ,2020-08-29 18:09:39+00:00,1,4,,
bornin2thegrave,Hard not to get boba tea everyday on route. That being said I have acquired my boba fix for the day,2020-08-29 17:58:18+00:00,0,3,,
TotalTrafficHOU,"Accident, left lane blocked in #Houston on I-69 SW Inbound at S Rice Ave, stop and go traffic back to Fountain View #traffic http://bit.ly/17hsIjn",2020-08-29 17:50:43+00:00,0,0,,#Houston #traffic
TotalTrafficHOU,"Disabled vehicle, center lane blocked in #SwSide on I-69 SW Inbound at The 610 W Lp, stop and go traffic back to Fountain View #traffic http://bit.ly/17hsIjn",2020-08-29 17:30:43+00:00,0,0,,#SwSide #traffic
TotalTrafficAUS,"Accident, right lane blocked in #Travis on I-35 NB at Slaughter Ln/Exit 226 #ATXtraffic http://bit.ly/10BGKax",2020-08-29 17:20:43+00:00,0,0,,#Travis #ATXtraffic
TotalTrafficHOU,"Disabled vehicle, right lane blocked in #SouthSide on S. Lp 610 EB at Hwy 288 #traffic http://bit.ly/17hsIjn",2020-08-29 17:15:43+00:00,0,0,,#SouthSide #traffic
TotalTrafficHOU,"Accident, left lane blocked in #NorthSide on N. Lp 610 EB at The N Fwy, stopped traffic back to Yale #traffic http://bit.ly/17hsIjn",2020-08-29 16:55:44+00:00,0,0,,#NorthSide #traffic
TotalTrafficAUS,"Disabled vehicle, right lane blocked in #Travis on I-35 Frontage SB at Wells Branch Pkwy #ATXtraffic http://bit.ly/10BGKax",2020-08-29 16:15:43+00:00,0,0,,#Travis #ATXtraffic
TotalTrafficHOU,"Accident, right lane blocked in #WestSide on W SAM HOUSTON TOLLWAY NB before Briar Forest #traffic http://bit.ly/17hsIjn",2020-08-29 15:00:43+00:00,0,0,,#WestSide #traffic
DSGNSBYWAV,Do Uber/Lyft drivers realize that taking the long route doesn’t get you more and a pissed off passenger ,2020-08-29 14:38:52+00:00,1,2,,
TotalTrafficAUS,"Disabled vehicle, right lane blocked in #Travis on I-35 Frontage SB at US-290/TX-71 #ATXtraffic http://bit.ly/10BGKax",2020-08-29 14:10:43+00:00,0,0,,#Travis #ATXtraffic
real_legendmade,Let me ask u this mr comply u ever been told to lay on the ground or had a gun pulled on u on a route traffic stop 4 running a red light??? Most likely the answer is no so u can't comment on something u don't know dick about... next,2020-08-29 14:03:50+00:00,0,1,,
TotalTrafficHOU,"Disabled vehicle, left lane blocked in #NorthSide on I-45 N Outbound at Airtex #traffic http://bit.ly/17hsIjn",2020-08-29 13:50:43+00:00,0,0,,#NorthSide #traffic
saab007,"At the AA gate and a guy wanted to stand in the line for Group 5. Gate agent told him to clear the boarding lane. Pax asked if there would be anyone boarding before Group 5 (yeah, Groups 1-4 ) He cleared the lane, saying “that’s the first time he’s of that” – at Shreveport Regional Airport (SHV)",2020-08-29 12:56:25+00:00,0,1,,
ZachTheMorrow,Wow....watch out! That turn signal is on...he coming over into white-e's lane. ,2020-08-29 11:18:27+00:00,0,0,,
JanessaGooden,Ugh if I have to in route,2020-08-29 10:52:39+00:00,0,0,,
RrJjey,take the innocent route,2020-08-29 06:26:54+00:00,0,0,,
blockwonkel,"8/28 Akiho Route GunBuild 2 is pretty much fixed, but for the finishing touch, Kai and Aki are tasked with making the face. Also Aki tries on a cat maid outfit because she thinks that's Kai's kink. #dashspoilers",2020-08-29 06:03:57+00:00,0,0,,#dashspoilers
blockwonkel,"8/28 Nae Route Nae: It's too dangerous for you Kaito. Sawada: Hey kid, want a gun? #dashspoilers",2020-08-29 05:58:51+00:00,0,1,,#dashspoilers
blockwonkel,"8/28 Airi Route Airi helps a little girl whose knees get scraped. Maybe she can be a nurse in the future. Airi and Kaito go on a ""date"" but Airi feels conflicted since she knows Kaito only sees her as AiLY and not Airi. Also because Akiho and Kaito have a thing. #dashspoilers",2020-08-29 05:55:57+00:00,0,0,,#dashspoilers
kimbuurlyy,Lmaooo nothing I can’t stand more than bitches who always got some to say. Stay in your lane and keep your opinions/ and input to yourself. If I ain’t ask for it ion wanna hear it . Lol,2020-08-29 05:11:20+00:00,0,2,,
_Kierraboo13_,Charged it to the game not even mad just staying in my lane,2020-08-29 04:16:22+00:00,0,0,,
BellTonja69,"Baby, stay in your lane",2020-08-29 04:07:07+00:00,0,0,,
2Cobey2,that was a good route so how did he regress if he still can lockdown a WR?,2020-08-29 02:38:36+00:00,0,0,,
MyHeartHands,Heart Health on the Bayou launches tomorrow!!!!! Join us on the Bayou at 10am and get your workout on the Bayou!!!! Tag as along your route #heartnhands @MyHeartHands @Bayou St. John https://www.instagram.com/p/CEdNFjBlhI_/?igshid=15v2lbo0s6rb2,2020-08-29 02:23:25+00:00,0,0,@MyHeartHands,#heartnhands
TotalTrafficHOU,"Accident, right lane blocked in #NwSide on US-290 EB at Fairbanks N Houston #traffic http://bit.ly/17hsIjn",2020-08-29 01:20:43+00:00,0,0,,#NwSide #traffic
TotalTrafficHOU,"Accident, left lane blocked in #Downtown on I-45 Gulf Fwy Outbound before 69, stop and go traffic back to Allen Pky/Houston Ave/Exit 47 #traffic http://bit.ly/17hsIjn",2020-08-29 01:15:43+00:00,0,0,,#Downtown #traffic
TotalTrafficHOU,"Accident, left lane blocked in #Downtown on I-45 Gulf Fwy Outbound between 69, stop and go traffic back to Allen Pky/Houston Ave/Exit 47 #traffic http://bit.ly/17hsIjn",2020-08-29 01:10:43+00:00,0,0,,#Downtown #traffic
jafwolf,This dude is all over the place-he was encouraging players to leave Texas in order to protest racial injustice now he’s calling out professional athletes for doing the same thing. I don’t mind either stance but pick a lane.,2020-08-29 01:03:55+00:00,0,1,,
Kat95649145,Yeah me too. Like in two years. Been on keto/max 20 carbs/max 1100 calories. Yes lost two pounds in 15 days fml,2020-08-29 01:00:48+00:00,0,1,,
TotalTrafficAUS,"Accident. only the left lane getting by in #SanMarcos on I-35 NB at Hwy 123/Exit 204, stop and go traffic back to Mccarty Ln/Exit 201 #ATXtraffic http://bit.ly/10BGKax",2020-08-29 00:55:44+00:00,0,0,,#SanMarcos #ATXtraffic
TotalTrafficHOU,"Disabled vehicle, right lane blocked in #NorthSide on I-45 N Fwy Outbound at Gulf Bank #traffic http://bit.ly/17hsIjn",2020-08-29 00:50:43+00:00,0,0,,#NorthSide #traffic
TotalTrafficHOU,"Accident, left lane blocked in #Harris on Hwy 99/Lanier Pkwy EB at Kuykendahl Rd/Boudreaux Rd #traffic http://bit.ly/17hsIjn",2020-08-29 00:20:45+00:00,0,0,,#Harris #traffic
cainlyonsf,"I say women should receive healthcare and contraception and I'm a liberal? Wouldn't I be conservative? If I want the safer, more pragmatic and scientific route, aren't I the conventional man instead of the liberal?? #liberal #conventional",2020-08-29 00:18:45+00:00,0,0,,#liberal #conventional
AcademyCareers,"Can you recommend anyone for this job? Store Logistics Manager#43 - Brodie Lane - Sunset Valley - Austin, TX - https://bit.ly/3jrZzvI #Retail #Austin, TX",2020-08-29 00:06:46+00:00,0,0,,#Retail #Austin
leila_aaa,I hate how people drive in Houston. You HAD to get in this lane to not turn? But you stopped all of traffic to move a lane over? Tf,2020-08-28 23:49:30+00:00,0,0,,
TotalTrafficHOU,"Accident cleared in #Downtown on US-69 SW Fwy Inbound at US-59 Hov Lane/Main St, stop and go traffic back to Shepherd / Greenbriar #traffic http://bit.ly/17hsIjn",2020-08-28 23:25:43+00:00,0,0,,#Downtown #traffic
TotalTrafficHOU,"Accident. two center lanes blocked in #Downtown on US-69 SW Fwy Inbound at US-59 Hov Lane/Main St, stop and go traffic back to Shepherd / Greenbriar #traffic http://bit.ly/17hsIjn",2020-08-28 23:10:43+00:00,0,0,,#Downtown #traffic
TotalTrafficAUS,"Accident. only the left lane getting by in #SanMarcos on I-35 NB at Hwy 123/Exit 204, stop and go traffic back to Mccarty Ln/Exit 201 #ATXtraffic http://bit.ly/10BGKax",2020-08-28 23:05:43+00:00,0,0,,#SanMarcos #ATXtraffic
TotalTrafficHOU,"Accident, right lane blocked in #NorthSide on I-45 N Fwy Inbound at N. Main, stop and go traffic back to Cavalcade #traffic http://bit.ly/17hsIjn",2020-08-28 22:50:44+00:00,0,0,,#NorthSide #traffic
IKW47,"OPEN HOUSE tomorrow from 2-4 pm! (The 29th)! 8204 Peaceful Hill Lane Austin, TX Come check out this hidden gems that ALL of your friends will be jealous of! Iconic yard has a green picket fence in the front yard on… https://www.instagram.com/p/CEczfj8j7bX/?igshid=zjdjcirdcxqf",2020-08-28 22:39:48+00:00,0,0,,
BHGREGaryGreene,Just listed by Brianna Bischoff in #Katy #TX. 22327 Joshua Kendell Lane! Please retweet! https://tour.corelistingmachine.com/home/LM4EHU,2020-08-28 22:37:19+00:00,0,0,,#Katy #TX
TotalTrafficHOU,"Accident, left lane blocked in #Brazoria on Hwy 288 SB at Croix Rd, stop and go traffic back to CR 101/Bailey Rd. #traffic http://bit.ly/17hsIjn",2020-08-28 22:35:43+00:00,0,0,,#Brazoria #traffic
BHGREGaryGreene,See a virtual tour of our listing on 18314 Harmony Bluff Lane #Houston #TX #realestate https://tour.corelistingmachine.com/home/EYMVX6,2020-08-28 22:34:55+00:00,0,0,,#Houston #TX #realestate
TotalTrafficBTR,"Disabled vehicle, center lane blocked in #EastBatonRougeParish on I 10 WB at LA-30/Nicholson Dr/LSU/Exit 155 A and LA-1/Port Allen/Plaquemine/Exit 153 #traffic http://bit.ly/12oyfoo",2020-08-28 22:10:43+00:00,0,0,,#EastBatonRougeParish #traffic
BHGREGaryGreene,See a virtual tour of our listing on 21219 Misty Brook Bend Lane #Spring #TX #realestate https://tour.corelistingmachine.com/home/3YUBJV,2020-08-28 22:02:06+00:00,0,0,,#Spring #TX #realestate
TotalTrafficHOU,Disabled vehicle. center lane blocked in #WestSide on US-69 SW Fwy Outbound at Buffalo Speedway #traffic http://bit.ly/17hsIjn,2020-08-28 21:00:43+00:00,0,0,,#WestSide #traffic
TotalTrafficAUS,"Accident, left lane blocked in #Austin on US 183 Frontage SB at Anderson Mill Rd, stop and go traffic back to Hymeadow Dr #ATXtraffic http://bit.ly/10BGKax",2020-08-28 21:00:43+00:00,0,1,,#Austin #ATXtraffic
TotalTrafficHOU,"Accident, right lane blocked in #NorthSide on N Sam Houston Tollway Frontage Rd EB after The Hardy Toll Rd #traffic http://bit.ly/17hsIjn",2020-08-28 20:55:43+00:00,0,0,,#NorthSide #traffic
TotalTrafficBTR,"Accident, left lane blocked in #EastBatonRougeParish on I 10 EB at Perkins Rd/Exit 157A #traffic http://bit.ly/12oyfoo",2020-08-28 20:35:43+00:00,0,0,,#EastBatonRougeParish #traffic
ALOTdotcom,30 Worst TV Shows of the 1980s,2020-08-28 20:19:30+00:00,0,0,,
ALOTdotcom,30 Worst TV Shows of the 1980s,2020-08-28 20:19:30+00:00,0,0,,
ALOTdotcom,30 Worst TV Shows of the 1980s,2020-08-28 20:19:30+00:00,0,0,,
rjordan114,"Throw away the playbook. All we need is a good 9 route. We’re not punting this season, either.",2020-08-28 20:08:37+00:00,0,2,,
rjordan114,First UCA play should be a 9 route to Hudson...sure fire touchdown...Nobody Beats the Oak!!!,2020-08-28 20:05:16+00:00,1,7,,
AustinBounceHou,The TROPICAL DUAL LANE HYPER WATER SLIDE is explosive fun that will leave the kiddos entertained for hours! The Tropical Dual Lane Hyper Water Slide is the biggest of the big water slides! Race 1 on 1 down the… https://www.instagram.com/p/CEceUNDlaaz/?igshid=yqt9fnmw52zc,2020-08-28 19:34:44+00:00,0,0,,
TotalTrafficBTR,"Accident, left lane blocked in #Iberville on I 10 EB at LA-77/Rosedale/Grosse Tete/Exit 139 #traffic http://bit.ly/12oyfoo",2020-08-28 19:30:43+00:00,0,0,,#Iberville #traffic
diane_hughes,Conflicted. Trying to understand and be objective but this is probably the truth.,2020-08-28 19:18:01+00:00,0,1,,
Tyusphillips78,Yeah you on them good growth hormones tell em dom ,2020-08-28 19:10:27+00:00,0,0,,
BHGREGaryGreene,See a virtual tour of our listing on 27810 Tamara Branch Lane #Katy #TX #realestate https://tour.corelistingmachine.com/home/B8BLDB,2020-08-28 19:06:49+00:00,0,0,,#Katy #TX #realestate
Willie_Beamerr,Ja’marr Chase top of the route separation is elite !,2020-08-28 18:16:26+00:00,0,4,,
madelineelyse4,in route. who’s in nola?,2020-08-28 18:12:37+00:00,0,0,,
TotalTrafficHOU,"Accident, right lane blocked in #Harris on BELTWAY 8-EAST WB at Wallisville Rd #traffic http://bit.ly/17hsIjn",2020-08-28 17:50:44+00:00,0,0,,#Harris #traffic
thedelitesite,Do you agree with the top 5? ,2020-08-28 17:42:45+00:00,0,0,,
thedelitesite,Do you agree with the top 5? ,2020-08-28 17:42:45+00:00,0,0,,
thedelitesite,Do you agree with the top 5? ,2020-08-28 17:42:41+00:00,0,0,,
thedelitesite,Do you agree with the top 5? ,2020-08-28 17:42:41+00:00,0,0,,
BHGREGaryGreene,We are looking for a buyer on 2015 Parkview Lane #MissouriCity #TX #realestate https://tour.corelistingmachine.com/home/Q9WRFU,2020-08-28 17:16:51+00:00,0,0,,#MissouriCity #TX #realestate
BHGREGaryGreene,Just listed by Dayna Simon in #Humble #TX. 9714 Heavy Anchor Lane! Please retweet! https://tour.corelistingmachine.com/home/E3TF7Q,2020-08-28 16:57:46+00:00,0,0,,#Humble #TX
AlyssaMatata,all those cars passing you in the right lane don’t make you feel embarrassed?,2020-08-28 16:57:43+00:00,1,2,,
elguapo_58,Texas a&m is playing southern miss in the quick lane bowl while eating leftover Turkey at noon. Can't wait,2020-08-28 16:35:34+00:00,0,0,,
yargergal,Seeing @CFISDbus running their @ThorntonCFISD route is bringing me all the Friday feels #CFISDspirit #MaskUpPatriots #CFISDback2school,2020-08-28 16:11:49+00:00,1,5,@CFISDbus @ThorntonCFISD,#CFISDspirit #MaskUpPatriots #CFISDback2school
TotalTrafficBTR,"Accident, left lane blocked in #Lafayette on I 10 WB at Louisiana Ave/Exit 104 #traffic http://bit.ly/12oyfoo",2020-08-28 15:45:44+00:00,0,0,,#Lafayette #traffic
BHGREGaryGreene,We are looking for a buyer on 2003 Huntress Lane #Houston #TX #realestate https://tour.corelistingmachine.com/home/4J3UQT,2020-08-28 15:22:32+00:00,0,0,,#Houston #TX #realestate
dyl0n912,People who drive slow in the left lane typically are alone in their car wearing a mask.,2020-08-28 14:52:26+00:00,0,0,,
BHGREGaryGreene,We are looking for a buyer on 20418 Peach Mountain Lane #Cypress #TX #realestate https://tour.corelistingmachine.com/home/GUVFVH,2020-08-28 14:46:47+00:00,0,0,,#Cypress #TX #realestate
TotalTrafficHOU,Stalled vehicle affects the hov lane. in #Harris on I-45 N Hov Outbound at W Rd #traffic http://bit.ly/17hsIjn,2020-08-28 14:40:43+00:00,0,0,,#Harris #traffic
TotalTrafficHOU,"Accident, center lane blocked in #NorthSide on N SAM HOUSTON TOLLWAY EB at Ella Blvd #traffic http://bit.ly/17hsIjn",2020-08-28 14:20:43+00:00,0,0,,#NorthSide #traffic
TotalTrafficHOU,Stalled vehicle. hov lane blocked. in #Harris on I-45 Gulf Hov Inbound at Scott St/Exit 45 #traffic http://bit.ly/17hsIjn,2020-08-28 14:10:43+00:00,0,0,,#Harris #traffic
TotalTrafficAUS,"Accident, left lane blocked in #Austin on TX-71 WB at Bee Caves Rd (FM 2244), stopped traffic back to SW Pkwy #ATXtraffic http://bit.ly/10BGKax",2020-08-28 14:05:43+00:00,0,0,,#Austin #ATXtraffic
TotalTrafficHOU,"Disabled vehicle, right lane blocked in #WestSide on W SAM HOUSTON TOLLWAY NB at The Briar Forest Toll Plz #traffic http://bit.ly/17hsIjn",2020-08-28 14:00:43+00:00,0,0,,#WestSide #traffic
TotalTrafficHOU,"Disabled vehicle, right lane blocked in #SouthSide on S. Lp 610 EB after Kirby #traffic http://bit.ly/17hsIjn",2020-08-28 13:55:44+00:00,0,0,,#SouthSide #traffic
BruceQ_Williams,08.25.2020 Modernity / Don’t Be a Passive Observer @Staring Lane https://www.instagram.com/p/CEbzZkGHcvu/?igshid=182yubvmtc8nc,2020-08-28 13:19:42+00:00,0,0,,
CT_Taylor07,I really liked @ainias_smith in the slot last year. He was a good route runner and had a feel for what the defense was trying to do. I think he’s a smart kid capable of picking up the blitz and tough enough to handle the punishment,2020-08-28 12:15:05+00:00,1,1,@ainias_smith,
TotalTrafficHOU,"Accident, right lane blocked in #NorthSide on I-45 N Inbound at Airtex #traffic http://bit.ly/17hsIjn",2020-08-28 11:45:44+00:00,0,0,,#NorthSide #traffic
TotalTrafficHOU,"Disabled vehicle, center lane blocked in #WestSide on I-10 Katy Inbound at Hwy 6, stop and go traffic back to Park Ten #traffic http://bit.ly/17hsIjn",2020-08-28 11:20:43+00:00,0,0,,#WestSide #traffic
TotalTrafficAUS,"Accident, left lane blocked in #Austin on FM 973 SB at Harold Green Rd #ATXtraffic http://bit.ly/10BGKax",2020-08-28 11:15:43+00:00,0,0,,#Austin #ATXtraffic
TotalTrafficHOU,"Disabled vehicle, center lane blocked in #WestSide on I-10 Inbound after Hwy 6, stop and go traffic back to Park Ten #traffic http://bit.ly/17hsIjn",2020-08-28 11:15:43+00:00,0,0,,#WestSide #traffic
_jessicaMUA_88,I just went down memory lane,2020-08-28 04:07:20+00:00,0,0,,
Da_One_Rod,"“People telling you to stay in your lane, they can’t even drive.”",2020-08-28 04:07:04+00:00,0,0,,
vincentpowell,I’m so distracted by how fast they moved the other speakers from earlier in the night to the White House Lawn. I’m a logistic guy. I want to see the travel route and know how security and COVID measure were taken.,2020-08-28 02:16:26+00:00,0,0,,
AstinGreer,Love to see it Lane!! #PullUp @lane_newton8,2020-08-28 01:33:11+00:00,0,1,@lane_newton8,#PullUp
badgalsanib,"i don’t bother nobody, i mind my business & stay in my own lane.",2020-08-28 01:17:39+00:00,3,13,,
_papa100,I just stay in my lane ,2020-08-28 00:31:35+00:00,0,0,,
BTBzoee6,In route ,2020-08-28 00:31:04+00:00,0,0,,
TotalTrafficHOU,"Disabled vehicle, right lane blocked in #Heights on I-10 Katy Fwy Outbound after Studemont #traffic http://bit.ly/17hsIjn",2020-08-27 23:55:44+00:00,0,1,,#Heights #traffic
TotalTrafficAUS,"Disabled vehicle, right lane blocked in #SanMarcos on I-35 NB at Aquarena Springs Dr/Exit 206, stop and go traffic back to Hwy 80/Exit 205 #ATXtraffic http://bit.ly/10BGKax",2020-08-27 23:40:43+00:00,0,0,,#SanMarcos #ATXtraffic
_d1dgp,The actual wolf of wall street will be doing a call for my team and I @7 pm cst. Anyone interested in taking the business route dm me rn!,2020-08-27 23:19:19+00:00,0,1,@7,
TotalTrafficHOU,"Disabled vehicle, right lane blocked in #EastSide on The E Sam Houston Pkwy NB after The Ship Channel Brg Plz #traffic http://bit.ly/17hsIjn",2020-08-27 22:50:43+00:00,0,0,,#EastSide #traffic
Fields2official,Who the best route runner in the league ???,2020-08-27 22:41:44+00:00,0,8,,
Tyusphillips78, @sk_lane ,2020-08-27 21:51:47+00:00,1,5,,
TotalTrafficAUS,"Accident, center lane blocked in #Travis on I-35 SB at Oltorf St/Exit 232, stopped traffic back to Woodland Ave #ATXtraffic http://bit.ly/10BGKax",2020-08-27 21:45:43+00:00,0,0,,#Travis #ATXtraffic
atKWMemorial,See a virtual tour of one of our newest #listings 12107 Kimberley Lane #Houston #TX https://tour.corelistingmachine.com/home/BYMSLL,2020-08-27 21:44:47+00:00,0,0,,#listings #Houston #TX
TotalTrafficAUS,"Disabled vehicle, left lane blocked in #Travis on I-35 NB at Oltorf St/Exit 232, stop and go traffic back to Ben White #ATXtraffic http://bit.ly/10BGKax",2020-08-27 21:40:43+00:00,0,0,,#Travis #ATXtraffic
atKWMemorial,Just listed by Crystal Duong in #Houston #TX. 1748 Ojeman Point Lane! Please retweet! https://tour.corelistingmachine.com/home/EDQ75K,2020-08-27 21:32:58+00:00,0,0,,#Houston #TX
JosesTechCorner,Stupid A&M student almost ran me off the damn road at the University drive exit. My two driver side tires were on the damn grass already because she was merging into my lane while I was already next to her. What the fuck is wrong with these stupid ass students.,2020-08-27 21:29:07+00:00,0,3,,
Tee_Vibesz,I come back Monday,2020-08-27 21:24:05+00:00,0,1,,
Tee_Vibesz,I’m not in hammond im in BR,2020-08-27 21:23:09+00:00,0,1,,
Tee_Vibesz,Time and date that’s all imma say ,2020-08-27 21:21:40+00:00,0,1,,
Tee_Vibesz,You and me both,2020-08-27 21:18:44+00:00,1,1,,
atKWMemorial,See a virtual tour of one of our newest #listings 25022 Bridgeton Meadow Lane #Katy #TX https://tour.corelistingmachine.com/home/LX9C5P,2020-08-27 20:47:54+00:00,0,0,,#listings #Katy #TX
drsangeetmd,I was just going to say tagraxofusp is better or “tag” as most of us have nicknamed it. At this rate we may never untwist our tongues ,2020-08-27 20:46:13+00:00,0,2,,
Tee_Vibesz,Exactly ,2020-08-27 20:44:50+00:00,0,1,,
HeatherDodd6,Hugs and kisses ,2020-08-27 20:39:58+00:00,0,9,,
iembot_shv,"At 5:45 AM CDT, 1 WSW Hudson [Angelina Co, TX] BROADCAST MEDIA reports TROPICAL STORM. A TREE WAS DOWN BLOCKING ONE LANE OF FM 706 NEAR HIGHWAY 94 WEST OF LUFKIN. https://mesonet.agron.iastate.edu/lsr/#SHV/202008271045/202008271045",2020-08-27 20:36:21+00:00,0,0,,
TotalTrafficAUS,"Disabled vehicle, left lane blocked in #Travis on I-35 NB at Oltorf St/Exit 232, stop and go traffic back to Woodward St #ATXtraffic http://bit.ly/10BGKax",2020-08-27 20:35:44+00:00,0,0,,#Travis #ATXtraffic
TotalTrafficHOU,Object on roadway. center lane blocked in #Downtown on US-69 Eastex Fwy Outbound after I-10 #traffic http://bit.ly/17hsIjn,2020-08-27 19:40:43+00:00,0,0,,#Downtown #traffic
AllenAC009,"Yeah. Still am awed by how my dad, who lives in Golden, can walk to the train and ride it to DIA at a pretty fast clip. Do love the DIA to downtown route as well. ",2020-08-27 19:38:46+00:00,0,1,,
jlsHouston,Ok what’s the truck route then? 82 out of Port Arthur or 12? Sorry I hit your link but I’m not seeing an alternate,2020-08-27 18:59:47+00:00,0,0,,
BHGREGaryGreene,See a virtual tour of our listing on 5511 Mangrove Creek Lane #SugarLand #TX #realestate https://tour.corelistingmachine.com/home/A5N2J6,2020-08-27 18:50:07+00:00,0,1,,#SugarLand #TX #realestate
bradleyervin221,Always pick the outer lane,2020-08-27 18:37:34+00:00,0,0,,
BHGREGaryGreene,We are looking for a buyer on 915 Mulberry Lane #Bellaire #TX #realestate https://tour.corelistingmachine.com/home/LWSJ7S,2020-08-27 18:31:40+00:00,0,0,,#Bellaire #TX #realestate
2Cobey2,that was a good ass route dude lmaoo and umm he has guarded Julio before lmao,2020-08-27 17:47:16+00:00,0,0,,
AustinBounceHou,"The MIGHTY “FIRE’N ICE DUAL LANE WATERSLIDE” This is the best bounce to have if you want the hottest party on the block, while staying cool with an icy water slide and pool! Looking for the ultimate… https://www.instagram.com/p/CEZtMGmFaHv/?igshid=1c4all3sgieew",2020-08-27 17:46:59+00:00,0,1,,
BHGREGaryGreene,Gary Sherrill would love to show you the #listing at 1916 Pleasant Springs Lane #Pearland #TX #realestate https://tour.corelistingmachine.com/home/NZBGK8,2020-08-27 17:38:29+00:00,0,0,,#listing #Pearland #TX #realestate
kyle_melancon,LOLOLOLOLOLOLOLOLOLOL. Just remembering that my dad let me sit on his lap and “drive” on the interstate en route to Disney while he “rested his eyes.” He woke up to me going 100 miles an hour. I was twelve. ,2020-08-27 17:31:48+00:00,0,1,,
maijayharris,ngl i wish celebrities at any capacity would stfu unless they have TANGIBLE or MONETARY solutions @Nlechoppa1 pls stick to the percs and gun discourse. THATS your lane.,2020-08-27 17:31:05+00:00,0,0,@Nlechoppa1,
TotalTrafficHOU,"Accident, left lane blocked in #SouthwestSide on S SAM HOUSTON TOLLWAY EB at W. Airport #traffic http://bit.ly/17hsIjn",2020-08-27 17:10:43+00:00,0,0,,#SouthwestSide #traffic
HTMsports,Small steppin’ down memory lane. 15 yrs ago we got molly whopped ,2020-08-27 16:33:51+00:00,0,5,,
rjordan114,"It will take all of us to understand before change can really take place. It will start with good people like you and me. When enough of us speak up and back words with action, we can get to where we all want to be. Keep standing strong and throw the 9 route!",2020-08-27 16:33:09+00:00,1,3,,
1richhdee,Ain’t no traffic when you in your own lane ,2020-08-27 16:27:33+00:00,0,1,,
DSGBLVDMARK,Stay in your lane,2020-08-27 16:02:21+00:00,0,0,,
TotalTrafficHOU,"Vehicle fire. right lane blocked. in #NwSide on W. Lp 610 NB after Hwy 290, stop and go traffic back to Old Katy Rd. #traffic http://bit.ly/17hsIjn",2020-08-27 15:45:43+00:00,0,0,,#NwSide #traffic
BHollandSports,BATON ROUGE TRAFFIC: Highland Road impassable both directions starting at Woodbridge Blvd (close to Superior Grill) & no neighborhood outlet Take Perkins or Burbank as an alternate route @BRProudNews @LSUCheckpoint #HurricanLaura,2020-08-27 15:45:08+00:00,29,18,@BRProudNews @LSUCheckpoint,#HurricanLaura
TotalTrafficHOU,Vehicle fire. right lane blocked. in #NwSide on W. Lp 610 NB after Hwy 290 #traffic http://bit.ly/17hsIjn,2020-08-27 15:40:43+00:00,0,0,,#NwSide #traffic
iembot_shv,"At 10:21 AM CDT, Shreveport [Caddo Co, LA] BROADCAST MEDIA reports TROPICAL STORM. COYTH LANE AND DARINDA LANE, TREE ON VEHICLE. https://mesonet.agron.iastate.edu/lsr/#SHV/202008271521/202008271521",2020-08-27 15:28:09+00:00,0,0,,
KTBS,"A tree fell on a car near Coyth Lane and Darinda Lane in Shreveport, LA. Look for KTBS Storm Team 3’s latest updates at http://ktbs.com/gulfwatch #ktbswx ",2020-08-27 15:24:47+00:00,1,2,,#ktbswx
brettseidell,#switch $which route#talk. – at Bell County Judicial Complex,2020-08-27 14:58:08+00:00,0,0,,#switch
KennerPolice,"THANK YOU, #LINEMEN! KPD units escorted @Entergy and other energy companies to I-10. These brave men and women are en route to SW LA &amp; SE TX to begin restoring power for those impacted by #HurricaneLaura. Thoughts&amp;prayers go out to our neighbors to the west. #InThisTogether",2020-08-27 14:52:30+00:00,21,62,@Entergy,#LINEMEN #HurricaneLaura #InThisTogether
TotalTrafficBTR,"Disabled vehicle, left lane blocked in #Ascension on I 10 WB at LA-73/Old Jefferson Hwy/Prairieville/Geismar/Exit 173 #traffic http://bit.ly/12oyfoo",2020-08-27 14:45:43+00:00,0,0,,#Ascension #traffic
TotalTrafficBTR,Right lane blocked due to downed tree in #Livingston on I-12 EB between Juban Rd/LA 1026/Exit 12 and Walker S Rd/ Hwy 447/ Exit 15 #traffic http://bit.ly/12oyfoo,2020-08-27 14:05:43+00:00,0,0,,#Livingston #traffic
TotalTrafficBTR,Right lane blocked due to downed tree in #Iberville on I 10 EB at Hwy 975/Whiskey Bay/Exit 127 #traffic http://bit.ly/12oyfoo,2020-08-27 13:55:43+00:00,0,0,,#Iberville #traffic
TotalTrafficBTR,Right lane blocked due to downed tree in #Iberville on I 10 EB at Hwy 975/Whiskey Bay/Exit 127 #traffic http://bit.ly/12oyfoo,2020-08-27 12:50:43+00:00,0,0,,#Iberville #traffic
bubbarmyman2, Toooooo funny @Lane_Kiffin #BlowTheWhistle,2020-08-27 11:53:05+00:00,0,2,@Lane_Kiffin,#BlowTheWhistle
TotalTrafficBTR,Left lane blocked due to downed tree in #WestBatonRouge on I 10 WB after LA-415/Lobdell/Exit 151 and before LA-77/Rosedale/Grosse Tete/Exit 139 #traffic http://bit.ly/12oyfoo,2020-08-27 11:35:43+00:00,0,0,,#WestBatonRouge #traffic
TotalTrafficBTR,Left lane blocked in #WestBatonRouge on I 10 WB after LA-415/Lobdell/Exit 151 and before LA-77/Rosedale/Grosse Tete/Exit 139 #traffic http://bit.ly/12oyfoo,2020-08-27 11:30:43+00:00,0,0,,#WestBatonRouge #traffic
TotalTrafficBTR,"Disabled vehicle, right lane blocked in #EastBatonRouge on I-110 NB at US 61/US 190/Airline Hwy/Exit 5 #traffic http://bit.ly/12oyfoo",2020-08-27 09:45:43+00:00,0,0,,#EastBatonRouge #traffic
notagaindrryn,Nice little trip down memory lane,2020-08-27 07:27:22+00:00,0,0,,
Yung_Escobar06,Stay in your lane and know your position,2020-08-27 06:47:19+00:00,0,0,,
FisherKaiya,I really be in my own lane dawg,2020-08-27 05:42:34+00:00,0,2,,
CoachMLeonard,"I believe it was Gold (protection) Vegas. Schafer has the 15 yard out to sideline, Haelin has the deep curl, plum is the under route to move the OLB. We’d run it earlier and Schafer slipped and fell.",2020-08-27 05:25:06+00:00,0,2,,
DDunahoe,I ran a route in Lake Charlie for 4 years. I’m praying for you all...,2020-08-27 04:28:23+00:00,0,0,,
CharleneNMarie,"Dude. Stay in your lane in NYC. You haven’t been to Cameron, Creole, Grand Cheniere — Louisiana. They’re not a swamp dude. Leave these people alone and find yourself a snowflake somewhere.",2020-08-27 04:24:55+00:00,0,2,,
TrashonW,Stay in yo lane ,2020-08-27 02:36:27+00:00,1,0,,
TotalTrafficHOU,"Disabled vehicle, right lane blocked in #NorthSide on The Hardy Tollroad Inbound at Crosstimbers, stop and go traffic back to Tidwell #traffic http://bit.ly/17hsIjn",2020-08-27 02:15:43+00:00,0,1,,#NorthSide #traffic
CoachCarterLSU,"As a WO, if you can get yourself in this position off the LOS, odds are you will win the route #TrueStory ##WRTS #IronSharpensIron https://twitter.com/ChrisParent/status/1298703059787198464",2020-08-27 01:58:19+00:00,1,9,,#TrueStory #WRTS #IronSharpensIron
TexasChance,That’s the route I chose.,2020-08-27 01:53:52+00:00,0,0,,
DubArvin,Horrible. Everybody was raving about his D when he came back. I think it was just the players getting familiar with each other and him just being a big body in the lane. But if we get rim protection I think that alone will cover a lot of Defensive problems,2020-08-27 01:40:04+00:00,0,0,,
ChiefAleel,baaaaaad slowed + reverb goes crazy in its own lane just like C&amp;S,2020-08-27 01:34:24+00:00,0,1,,
Smack620,His lane? Basketball lane? Black American lane? Human being lane? Pretty sure he's done more in all those lanes than u and I will ever do...#jockstrapsexcluded,2020-08-27 01:18:05+00:00,0,4,,#jockstrapsexcluded
klei333,No it backfired on them & they're crab walking to another lane ,2020-08-27 00:46:40+00:00,0,2,,
JuicyKai_,This weather messing with my route ,2020-08-27 00:19:27+00:00,0,0,,
SophiaGermer,"#Laura Lane didn’t flood today on Grand Isle, La. @NOLAnews",2020-08-27 00:00:20+00:00,1,12,@NOLAnews,#Laura
TotalTrafficAUS,"Accident, right lane blocked in #Travis on I 35 NB at TX-45, stop and go traffic back to Grand Ave Pky #ATXtraffic http://bit.ly/10BGKax",2020-08-26 23:20:44+00:00,0,0,,#Travis #ATXtraffic
TotalTrafficAUS,"Accident. right shoulder blocked, right lane partially blocked in #AustinEastSide on US 183 SB at Manor Rd/Springdale Rd, slow traffic back to Hwy 290 #ATXtraffic http://bit.ly/10BGKax",2020-08-26 23:20:44+00:00,0,0,,#AustinEastSide #ATXtraffic
BHGREGaryGreene,See a virtual tour of one of our newest #listings 24126 Ivory Sunset Lane #Katy #TX https://tour.corelistingmachine.com/home/983595,2020-08-26 23:18:55+00:00,0,0,,#listings #Katy #TX
TotalTrafficAUS,"Accident. right lane and entrance ramp blocked in #SanMarcos on I-35 SB at Hwy 123/Exit 204, stop and go traffic back to Guadalupe St #ATXtraffic http://bit.ly/10BGKax",2020-08-26 23:15:43+00:00,0,0,,#SanMarcos #ATXtraffic
TotalTrafficHOU,"Disabled vehicle, right lane blocked in #SwSide on S Sam Houston Tollway WB at Gessner #traffic http://bit.ly/17hsIjn",2020-08-26 22:35:43+00:00,0,0,,#SwSide #traffic
TotalTrafficBTR,"Disabled vehicle, right lane blocked in #Iberville on I 10 EB at Hwy 975/Whiskey Bay/Exit 127 #traffic http://bit.ly/12oyfoo",2020-08-26 22:25:43+00:00,0,0,,#Iberville #traffic
BHGREGaryGreene,See a virtual tour of one of our newest #listings 14462 Misty Meadow Lane #Houston #TX https://tour.corelistingmachine.com/home/SKBN6L,2020-08-26 22:22:55+00:00,0,0,,#listings #Houston #TX
TxDOTTyler,"Prayers for Lake Charles and it’s residents Lane. Especially, your family.",2020-08-26 22:13:41+00:00,0,2,,
TotalTrafficHOU,Disabled vehicle. right lane and exit ramp blocked in #SwSide on US-69 SW Fwy Outbound at Chimney Rock #traffic http://bit.ly/17hsIjn,2020-08-26 22:00:43+00:00,0,0,,#SwSide #traffic
raywilliamsbr,,2020-08-26 21:59:44+00:00,0,0,,
BHGREGaryGreene,Just listed by Rebecca Ramirez in #Porter #TX. 22914 Sassafras Lane! Please retweet! https://tour.corelistingmachine.com/home/SN75P7,2020-08-26 21:46:03+00:00,0,0,,#Porter #TX
TotalTrafficHOU,"Hazmat spill. right lane blocked in #NorthSide on 610 EB before Ella, stop and go traffic back to T.C. Jester #traffic http://bit.ly/17hsIjn",2020-08-26 21:45:43+00:00,0,0,,#NorthSide #traffic
TotalTrafficHOU,Accodent. right lane and exit ramp blocked in #Sharpstown on US-69 SW Fwy Inbound at Bissonnet #traffic http://bit.ly/17hsIjn,2020-08-26 21:40:44+00:00,0,0,,#Sharpstown #traffic
mikelaxne,trying to route audio on strong coffee got me like ,2020-08-26 21:36:19+00:00,0,0,,
TotalTrafficHOU,"Disabled vehicle, right lane blocked in #NorthSide on 610 N Lp WB at The Hardy Toll Rd. #traffic http://bit.ly/17hsIjn",2020-08-26 21:25:43+00:00,0,0,,#NorthSide #traffic
TotalTrafficHOU,"Disabled vehicle, right lane blocked in #NorthSide on 610 N Lp EB at T.C. Jester #traffic http://bit.ly/17hsIjn",2020-08-26 21:20:43+00:00,0,0,,#NorthSide #traffic
idaRealtor,I would love to show you my #listing at 11403 Finavon Lane #Richmond #TX #realestate https://tour.corelistingmachine.com/home/AK2EHK,2020-08-26 21:16:20+00:00,0,0,,#listing #Richmond #TX #realestate
BHGREGaryGreene,"See a virtual tour of one of our newest #listings 2829 Timmons Lane, Unit 167 #Houston #TX https://tour.corelistingmachine.com/home/RREA5H",2020-08-26 20:21:49+00:00,0,0,,#listings #Houston #TX
TotalTrafficAUS,"Accident, right lane blocked in #SanMarcos on I-35 NB at Mccarty Ln/Exit 201, stop and go traffic back to Ctr Point Rd/Exit 200 #ATXtraffic http://bit.ly/10BGKax",2020-08-26 19:05:44+00:00,0,0,,#SanMarcos #ATXtraffic
_thatdamnbee,"ion be pressed for nobody to fuck with me , I do good staying to myself and staying in my own lane",2020-08-26 18:56:09+00:00,0,0,,
craftedpn,I would be on the first floor when there’s a hurricane in route ,2020-08-26 18:48:14+00:00,0,0,,
TotalTrafficHOU,Accident. left lane blocked in #NorthSide on I-45 N Fwy Outbound at The 610 N Lp #traffic http://bit.ly/17hsIjn,2020-08-26 18:45:44+00:00,0,0,,#NorthSide #traffic
TotalTrafficHOU,Accident. right lane blocked in #WestSide on I-10 Katy Fwy Outbound at Barker Cypress #traffic http://bit.ly/17hsIjn,2020-08-26 18:40:43+00:00,0,0,,#WestSide #traffic
TotalTrafficHOU,Accident. right lane blocked in #Pasadena on Hwy 225 Inbound at Allen Genoa #traffic http://bit.ly/17hsIjn,2020-08-26 18:25:43+00:00,0,0,,#Pasadena #traffic
TotalTrafficAUS,"Disabled vehicle, right lane blocked in #Travis on I-35 Frontage NB at E Rundberg Ln, stop and go traffic back to US-183/E Anderson Ln #ATXtraffic http://bit.ly/10BGKax",2020-08-26 18:20:44+00:00,0,0,,#Travis #ATXtraffic
TotalTrafficAUS,"Accident, right lane blocked in #SanMarcos on I-35 NB at Mccarty Ln/Exit 201, stop and go traffic back to Ctr Point Rd/Exit 200 #ATXtraffic http://bit.ly/10BGKax",2020-08-26 18:20:43+00:00,0,0,,#SanMarcos #ATXtraffic
avillanueva3rd,"Cruise control slowed, the vehicle in front slowed again as we approached AR State Trooper in the median. I made the decision to move into the second lane. Car in front moved with me and slowed again. 6/9",2020-08-26 18:02:36+00:00,0,1,,
TotalTrafficHOU,"Accident, right lane blocked in #Spring on I-45 N Fwy Inbound before The Hardy Tollroad #traffic http://bit.ly/17hsIjn",2020-08-26 18:00:44+00:00,0,0,,#Spring #traffic
TotalTrafficHOU,"Disabled vehicle, center lane blocked in #NorthSide on I-45 N Fwy NB at The 610 N Lp, stop and go traffic back to Cavalcade #traffic http://bit.ly/17hsIjn",2020-08-26 17:55:43+00:00,0,0,,#NorthSide #traffic
Chase_Denton_,Hope you all are in a safe spot!,2020-08-26 17:49:46+00:00,0,1,,
juliercrenshaw,Joey!! Your answer is to stop testing! You and O did this during your pandemic. So please Stay in your lane and shut up.,2020-08-26 17:35:50+00:00,0,0,,
kenzienoelbolt,if i get cut off one more time because you waited till the last minute to get into the correct lane then i am hitting you &amp; it will be your fault :),2020-08-26 17:33:49+00:00,0,2,,
LAStatePolice,"With #Laura approaching our coast, please stay weather aware. If you encounter high water in your area, please turn around and find an alternate route. Utilize http://511la.org Picture: La 1 south of the Leon Theriot flood gate in Golden Meadow.",2020-08-26 17:12:24+00:00,13,44,,#Laura
ap_weather,In route. ,2020-08-26 16:50:27+00:00,1,9,,
BHGREGaryGreene,See a virtual tour of one of our newest #listings 2106 S Shadow Grove Lane #Richmond #TX https://tour.corelistingmachine.com/home/KSZQR5,2020-08-26 16:46:45+00:00,0,0,,#listings #Richmond #TX
joe_lamb32,Drake is the best R&B artist out so you definitely know that lane is dead ,2020-08-26 16:33:57+00:00,0,0,,
lilmissboojieee,It’s that simple. As Anthony Hamilton would say... Stay in your lane quit swervingggg ,2020-08-26 16:17:27+00:00,0,2,,
KEVINLWHITE11,"@jmhdline Have you taken the time to welcome your fellow head coaches.Chop it up peep game/take notes, get some pointers.Get your game up ! I mean you've got Mike Leach and Lane Kiffin in your back yard and you not gonna throw a BBQ BASH maaan lets get too grilling STEAKS/stakes ",2020-08-26 16:16:14+00:00,0,0,@jmhdline,
TotalTrafficHOU,"Accident, right lane blocked in #NorthSide on N Sam Houston Tollway WB at Veterans Memorial Toll Plz #traffic http://bit.ly/17hsIjn",2020-08-26 15:40:43+00:00,0,0,,#NorthSide #traffic
BHGREGaryGreene,See a virtual tour of our listing on 2915 Thorne Creek Lane #Houston #TX #realestate https://tour.corelistingmachine.com/home/7MTSBE,2020-08-26 15:36:22+00:00,0,0,,#Houston #TX #realestate
uptBudha,"After Katrina I lived in Dallas for 3yrs. When I used to visit NO I was driving like 15 to 20 miles over the speed limit aggressively. When I moved back I had to catch myself and ask ""why am I doing this"" I'm now back to one lane 3 miles under the limit Cadillacin'.",2020-08-26 15:23:04+00:00,0,1,,
KisslingerWx,"The @EF5Hunters team is currently en route to Lake Charles, #Louisiana to intercept major #Hurricane #Laura.",2020-08-26 15:22:21+00:00,1,6,@EF5Hunters,#Louisiana #Hurricane #Laura
deniscruz_,"Automatically hate this for the simple fact that only ONE MLS team should be on Messi’s radar if he goes that route; and that’s Inter Miami. From a marketing point of view, living style, and pure soccer, there is no better city for him than Miami....but stay at Barça please ",2020-08-26 14:43:42+00:00,0,1,,
TotalTrafficAUS,Disabled vehicle blocks the right lane and entrance ramp in #SanMarcos on I-35 NB at Aquarena Springs Dr/Exit 206 #ATXtraffic http://bit.ly/10BGKax,2020-08-26 14:15:43+00:00,0,0,,#SanMarcos #ATXtraffic
atKWMemorial,See a virtual tour of one of our newest #listings 3523 Lakearies Lane #Katy #TX https://tour.corelistingmachine.com/home/AZ8Q3H,2020-08-26 14:05:28+00:00,0,0,,#listings #Katy #TX
Kbzzyalief,Plz dont konfuse the two !! Some of these niggaz aint got shit to lose but they social media page. Stay in my own lane !! And I dont walk with 50 niggaz either !! 1Deep . . . . . #kbzzytharepresenta #kbullets… https://www.instagram.com/p/CEWr4sVAsHL/?igshid=1vmj121m1kobl,2020-08-26 13:37:52+00:00,0,0,,#kbzzytharepresenta #kbullets
TheIgnantOne,Yk.........there’s not a day that goes by that I don’t think about an Onlyfans bag. Lol but ima stick to my lane.,2020-08-26 13:09:47+00:00,0,5,,
OG_JadaPickMe,Ppl that be in the right lane and don’t need to turn are the biggest assholes ever.,2020-08-26 12:52:59+00:00,0,0,,
TotalTrafficHOU,"Disabled vehicle, center lane blocked in #NorthSide on I-45 SB at Cavalcade, stop and go traffic back to The 610 N Lp #traffic http://bit.ly/17hsIjn",2020-08-26 12:20:43+00:00,0,1,,#NorthSide #traffic
TotalTrafficAUS,"Accident, left lane blocked in #Austin on TX-71 WB at Burleson Rd #ATXtraffic http://bit.ly/10BGKax",2020-08-26 11:45:43+00:00,0,1,,#Austin #ATXtraffic
AMPARADOXXX,Lmao I agree Nigga had a whole lane then stopped pumped faked then tried to drive like wtf ,2020-08-26 11:41:18+00:00,0,0,,
bubbarmyman2,,2020-08-26 09:29:29+00:00,0,1,,
bubbarmyman2,You better get ready my man ,2020-08-26 09:24:10+00:00,0,1,,
SmittyDidThat,"See..I tried to go the vocal route when someone mentioned Britney and Christina, but they went the ""hit"" route. So I'ma just shut up and read comments ",2020-08-26 05:46:06+00:00,0,0,,
TotalTrafficAUS,"Accident, left lane blocked in #Travis on US 183 SB at FM 1625 #ATXtraffic http://bit.ly/10BGKax",2020-08-26 05:05:43+00:00,0,0,,#Travis #ATXtraffic
Aabbyy3739,"Hurricane coming, we’re ready. Evacuation route planned to San Antonio just in case.",2020-08-26 05:04:10+00:00,0,2,,
realcalebsalers,@Lane_Kiffin,2020-08-26 02:47:59+00:00,0,1,@Lane_Kiffin,
_Trael,Check it out Had a opportunity to guest on The GPS podcast ... had a lot of fun catching up and taking a look back on my career and new route of YouTube! https://open.spotify.com/episode/2mCIx8aY2Gi6yFBcvkHFvm?si=iBQ6mkXBTQK-cVH9aLZRug,2020-08-26 02:32:45+00:00,0,2,,
1408Pop,In my Own Lane,2020-08-26 02:32:44+00:00,2,1,,
juicy_985,Man that be driving me when they pull out in front you and go slow in the “fast lane” I pass them back up so quick ,2020-08-26 02:28:42+00:00,0,0,,
lumpy3166,Oh or something like this huh? You make no sense but by looking at your profile picture you are not to bright.........so stay in your lane until you have something worth a Fuck to say. So today is a Fail.,2020-08-26 01:40:19+00:00,0,0,,
howdydoughty,The power of privilege is being heard and taken seriously by other people in power. So step out of your lane to amplify the voices and message of oppressed people.,2020-08-26 01:26:17+00:00,0,3,,
BlackSundayTxns,I'm in lane and still cracking up at the comments. ,2020-08-26 01:19:00+00:00,0,1,,
TotalTrafficAUS,"Accident, right lane blocked in #Travis on Mopac SB at Enfield Rd, slow traffic back to Windsor Rd #ATXtraffic http://bit.ly/10BGKax",2020-08-26 00:30:44+00:00,0,0,,#Travis #ATXtraffic
tdixonnn,after i made my announcement via social media.. that don’t count no where. yall in the car in route to safety already talking about “where are you”,2020-08-26 00:11:53+00:00,0,0,,
bubbarmyman2,Yeahhhhh @Lane_Kiffin Twitter game is strong #HottyToddy,2020-08-26 00:09:15+00:00,0,6,@Lane_Kiffin,#HottyToddy
FSPhotogLLC,Was backed up in Giddings until they shut down construction west of town. (restricted to 1 lane) Moving well now... but not your regular Tuesday evening traffic. ,2020-08-25 23:40:49+00:00,0,1,,
atKWMemorial,See a virtual tour of one of our newest #listings 5402 Rising Meadow Lane #Katy #TX https://tour.corelistingmachine.com/home/RXLH7R,2020-08-25 23:39:39+00:00,0,0,,#listings #Katy #TX
Coach__Boomer,"as apart of you all’s “ABCs of route running”, would the junction point in this video serve as the Access or Breaking point?",2020-08-25 23:38:15+00:00,0,0,,
TheHoChen,"There were times where we would go down a road, see that waters were high, then had to circle back and find another route. After we all got to the lot and separated, it was an adventure getting back to Richmond for me with nearly all the highway exits blocked off. BUT I MADE IT",2020-08-25 23:35:30+00:00,0,0,,
TotalTrafficAUS,"Accident, right lane blocked in #Austin on Mopac Frontage Rd NB at Parmer Ln, stop and go traffic back to Duval Rd #ATXtraffic http://bit.ly/10BGKax",2020-08-25 22:40:43+00:00,0,0,,#Austin #ATXtraffic
BHGREGaryGreene,We are looking for a buyer on 11103 Olde Mint House Lane #Tomball #TX #realestate https://tour.corelistingmachine.com/home/AWVWDX,2020-08-25 22:16:17+00:00,1,2,,#Tomball #TX #realestate
TotalTrafficAUS,"Accident. right shoulder blocked, right lane partially blocked in #Austin on US 183 SB at Oak Knoll Dr, slow traffic back to Mcneil Dr/Spicewood Springs Rd #ATXtraffic http://bit.ly/10BGKax",2020-08-25 22:05:43+00:00,0,0,,#Austin #ATXtraffic
MyPretty_Tude,HOV Lane ,2020-08-25 22:04:28+00:00,0,0,,
TotalTrafficAUS,"Accident, right lane blocked in #Travis on I 35 SB at US-290/Exit 238, stopped traffic back to Hwy 183/Anderson Ln #ATXtraffic http://bit.ly/10BGKax",2020-08-25 21:35:43+00:00,0,0,,#Travis #ATXtraffic
Sheer__Opulence,"Fuck excuses, your should not be on couch, or in house, just in route.",2020-08-25 21:30:32+00:00,0,3,,
juicy_985,Do not get in the fast lane if you’re going to do under the speed limit,2020-08-25 21:29:23+00:00,0,0,,
ike_tony,"4. If the Leafs don’t go 98-0 en route to a Stanley Cup title, you get to read very level headed and non biased articles about yourself. https://twitter.com/12Parsonsj/status/1298315580072763393",2020-08-25 21:19:40+00:00,1,2,,
TotalTrafficAUS,"Accident, right lane blocked in #Travis on I 35 SB at 51st St/Cameron Rd/Exit 237, stopped traffic back to US-290/Exit 238 #ATXtraffic http://bit.ly/10BGKax",2020-08-25 21:15:43+00:00,0,0,,#Travis #ATXtraffic
lanedorr24,"@TheLifeOfLane from one Lane to another, Happy Birthday amigo. Hope you blast the Thong Song from the speakers today ",2020-08-25 20:57:15+00:00,0,1,@TheLifeOfLane,
richardklinger,Stay in you’re lane,2020-08-25 20:50:45+00:00,0,0,,
squeakytoy,￼Not feeling optimistic about my evacuation route tho ,2020-08-25 20:48:33+00:00,0,0,,
atKWMemorial,Just listed by Colette Clift Mayers in #SugarLand #TX. 15603 Oleta Lane! Please retweet! https://tour.corelistingmachine.com/home/DDCQDX,2020-08-25 20:43:21+00:00,0,0,,#SugarLand #TX
DarinSCampbell,Caruso is an underrated defender.,2020-08-25 20:30:20+00:00,0,1,,
billythemartin,"Kinda flummoxed on this one. If Laura hits the TX/LA border, why exactly are we still going to have marked effects in Houston area when Rita - which took that route - didn’t do much of anything here in the end? And it was large too, so really confusing. Anxious to hear thoughts ",2020-08-25 19:41:31+00:00,0,1,,
KEVINLWHITE11,"@Lane_Kiffin Hey, what is the best way to know if a player knows the plays ? A.)ask them ! B.) Practice the play ! C.) Have them draw the plays out ! D.) All the above !",2020-08-25 19:05:27+00:00,0,0,@Lane_Kiffin,
eskgantt,Idk why but the lane assistance beeping got me weak,2020-08-25 18:45:37+00:00,1,0,,
TotalTrafficAUS,"Disabled vehicle, right lane blocked in #Travis on Mopac NB at Westover Rd/Northwood Rd #ATXtraffic http://bit.ly/10BGKax",2020-08-25 18:40:43+00:00,0,0,,#Travis #ATXtraffic
BeyondBlunt,"Dear @elonmusk, given it’s importance on the I-45 hurricane evacuation route, I’d like to see more than 6 stalls at the @Tesla Houston North Supercharger...where charging speeds are already notoriously slow...upgrades to 250w and 20 stalls would be great. Thanks!",2020-08-25 18:26:54+00:00,0,3,@elonmusk @Tesla,
Reco__Brasi,My peace of mind is more important than quick fun. The solo route is what I choose bc I can’t keep experiencing the blues.,2020-08-25 18:24:33+00:00,0,0,,
TotalTrafficHOU,Accident. right lane blocked in #EastSide on I-10 Baytown E Fwy WB before Mercury #traffic http://bit.ly/17hsIjn,2020-08-25 18:15:43+00:00,0,0,,#EastSide #traffic
TotalTrafficHOU,"Disabled vehicle, center lane blocked in #Downtown on I-45 Gulf Fwy Inbound at Dallas St #traffic http://bit.ly/17hsIjn",2020-08-25 18:15:43+00:00,0,0,,#Downtown #traffic
KingJSTA2,"Which evacuation zone does the Cypress-Jersey Village area of Houston falls under? (naturally the evacuation route would be 290, am I correct? ) #HTownRush @RussKHOU @BrandiKHOU @chitakhou @JanelKHOU",2020-08-25 17:59:25+00:00,0,1,@RussKHOU @BrandiKHOU @chitakhou @JanelKHOU,#HTownRush
Broward83,"Hey @Uber_Support, can you help with a change for my preferred route for my benefits?",2020-08-25 17:57:56+00:00,1,0,@Uber_Support,
TotalTrafficBTR,"Disabled vehicle, left lane blocked in #EastBatonRouge on I 10 EB at I-110/BR Airport/Exit 155B #traffic http://bit.ly/12oyfoo",2020-08-25 17:50:43+00:00,0,0,,#EastBatonRouge #traffic
TotalTrafficHOU,"Accident, right lane blocked in #Downtown on I-45 SB at 69, stop and go traffic back to Dallas St #traffic http://bit.ly/17hsIjn",2020-08-25 17:45:43+00:00,0,0,,#Downtown #traffic
eviIemily,who lives on dreary lane?,2020-08-25 17:39:04+00:00,0,0,,
2Cobey2,idk but that route was weak as hell ,2020-08-25 17:38:50+00:00,0,0,,
strivahh,I just took a zoom down memory lane in my photo gallery... and shit! I look nothing how I looked in high school.,2020-08-25 16:55:19+00:00,0,0,,
TotalTrafficHOU,"Accident, right lane blocked in #WestSide on W Sam Houston Tollway NB at Westheimer #traffic http://bit.ly/17hsIjn",2020-08-25 16:40:43+00:00,0,0,,#WestSide #traffic
kieradorsey_,I'm an expert at staying in my lane and minding my own business.,2020-08-25 16:34:06+00:00,0,0,,
klaohe,I-10 full of construction pls take another route if possible ,2020-08-25 16:01:57+00:00,2,2,,
_Chrismith2,In route,2020-08-25 15:27:07+00:00,0,1,,
TotalTrafficHOU,"Accident, left lane blocked in #WestSide on I-10 Katy Fwy Inbound at The W Sam Houston Tollway, stop and go traffic back to Wilcrest #traffic http://bit.ly/17hsIjn",2020-08-25 15:05:43+00:00,0,0,,#WestSide #traffic
Shawdaaaa,"Predicated Route of Storm A hurricane watch from San Luis Pass, Texas, to west of Morgan City, Louisiana, and also extends inland to include parts of the eastern Houston metro, Beaumont and Port Arthur, Texas, Lake Charles and Lafayette, Louisiana. Source - @weatherchannel",2020-08-25 14:01:19+00:00,1,1,@weatherchannel,
TotalTrafficHOU,"Accident, right lane blocked in #Southside on S Sam Houston Tollway EB at Hwy 288 #traffic http://bit.ly/17hsIjn",2020-08-25 12:45:43+00:00,0,0,,#Southside #traffic
TotalTrafficHOU,"Accident, right lane blocked in #ClintonParkTriCommunity on 610 SB at Sidney Sherman Brg #traffic http://bit.ly/17hsIjn",2020-08-25 12:25:43+00:00,0,0,,#ClintonParkTriCommunity #traffic
TotalTrafficAUS,"A crash is blocking the right lane. in #Travis on TX-71 EB at US 183/Bastrop Hwy, slow traffic back to Riverside Dr #ATXtraffic http://bit.ly/10BGKax",2020-08-25 07:30:43+00:00,0,1,,#Travis #ATXtraffic
_ahernandxz,“Been” as in 3 years ago refresh things to where they started damn ashy its called memory lane,2020-08-25 05:53:39+00:00,0,0,,
bubbly_gal,"@DonaldJTrumpJr were you a bit #cokedout tonight for your speech?!? . Prolly not a route that will help your father try to win in November. Just saying. Y’all need a slew of realty checks if ya wanna reach out to ‘real people who vote’ for advice, jus sayin",2020-08-25 03:25:37+00:00,0,0,@DonaldJTrumpJr,#cokedout
ThatBoyFlores,"I’m trying to let certain things out but I haven’t found a way to do so. Shit doesn’t feel right. I hate isolating myself as much as I do, but it feels like the only way to be at peace. I’m used to dealing with big issues on my own. Perhaps I need to go a different route.",2020-08-25 02:56:06+00:00,27,132,,
kennaleigh16,on my drive from lindale to tyler i witnessed two BAD wrecks (one hit a electric pole & it fell into the road & the other the whole front part of the car caught on fire) & a man laying in the middle lane of the road. ALL WITHIN TWO MILES OF EACH OTHER. making 911 calls is scary ,2020-08-25 02:55:39+00:00,0,9,,
gfdzfit,"Hurricane otw , YALL remember 2017 right? Yeah we on the same route this season.",2020-08-25 01:59:26+00:00,0,5,,
gaylendelatte11,2237 Benedetto lane come with it ,2020-08-25 01:32:01+00:00,1,4,,
AustinBounceHou,WANT A TEXAS SIZED BOUNCER AND GOT A TEXAS SIZED YARD?!? Well we got the unit for you!! The TROPICAL DUAL LANE HYPER WATER SLIDE is explosive fun that will leave the kiddos entertained for hours! The Tropical Dual… https://www.instagram.com/p/CESySgTl3vq/?igshid=iacn2hkevce9,2020-08-25 01:16:52+00:00,0,2,,
5400_Tootie,"I do my own thang, in my own lane",2020-08-25 01:15:28+00:00,2,0,,
ClayFalls,Bryan Police confirm a fatal shooting at Rabbit Lane near Stevens Drive. Suspect in custody. This is in a residential area. @KBTXNews,2020-08-25 00:22:56+00:00,0,0,@KBTXNews,
dinohoops11,"Beautiful . Watch &amp; player movement and cutting through the lane, making the Pacers defense move &amp; get lost. Than watch lack of ball movement by Pacers, Heat defense didn't have 2 work, than after Pacers bad shot, Heat block out, rebound, push, run the floor and layups. ",2020-08-24 23:43:16+00:00,0,0,,
TotalTrafficHOU,"Accident, left lane blocked in #SouthSide on 610 S Lp WB at Hwy 288 #traffic http://bit.ly/17hsIjn",2020-08-24 23:30:43+00:00,0,0,,#SouthSide #traffic
BHGREGaryGreene,Just listed by Purak Parmar in #Spring #TX. 5111 Beaubridge Lane! Please retweet! https://tour.corelistingmachine.com/home/QHC93U,2020-08-24 23:21:15+00:00,0,0,,#Spring #TX
BHGREGaryGreene,Just listed by Margaret Beach in #Houston #TX. 12022 Indigo Cove Lane! Please retweet! https://tour.corelistingmachine.com/home/QA3W2B,2020-08-24 23:12:11+00:00,0,0,,#Houston #TX
TotalTrafficBTR,"Accident, left lane blocked in #EastBatonRouge on I 10 WB before Siegen Lane/LA-3246/Exit 163 #traffic http://bit.ly/12oyfoo",2020-08-24 23:05:43+00:00,0,0,,#EastBatonRouge #traffic
BHGREGaryGreene,Just listed by Jennifer Elmi in #Spring #TX. 27252 Monique Ridge Lane! Please retweet! https://tour.corelistingmachine.com/home/F5K8YH,2020-08-24 23:03:40+00:00,0,0,,#Spring #TX
dinohoops11,"Rockets shoot 58 - 3's, OKC got themselves back in the game, capitalizing with 2's, getting in the lane 46pts. and 22/28 FT's, plus won Rebound battle. But hey, analytics say, keep jacking from deep and I was a 3 pt. shooter, but just a common sense baller. 2pts better than 0",2020-08-24 22:54:36+00:00,0,1,,
TotalTrafficBTR,"Accident, two lanes blocked in #EastBatonRouge on I 10 WB before Siegen Lane/LA-3246/Exit 163 #traffic http://bit.ly/12oyfoo",2020-08-24 22:35:43+00:00,0,0,,#EastBatonRouge #traffic
TotalTrafficAUS,"Disabled vehicle, right lane blocked in #Travis on Mopac NB at 45th St, stop and go traffic back to 35th St #ATXtraffic http://bit.ly/10BGKax",2020-08-24 22:30:43+00:00,0,0,,#Travis #ATXtraffic
TotalTrafficHOU,"Disabled vehicle, left lane blocked in #Downtown on I-45 Gulf Fwy Outbound before 69, stop and go traffic back to Allen Pky/Houston Ave/Exit 47 #traffic http://bit.ly/17hsIjn",2020-08-24 21:45:43+00:00,0,0,,#Downtown #traffic
dka_2018,"Hey @CapMetroATX , what gives? The 315 Eastbound never showed up at Monterey Oaks/US-290 at 4:15pm. It completely just never showed up. Bus #2412 skipped half of the route all together. Showing it now at Westgate as I’m typing Now it’s Another 30 minute wait.",2020-08-24 21:32:48+00:00,0,1,@CapMetroATX,
KBSeauxluxe,I’m not entirely understanding some of the bi women arguing going on on my TL but I’m gonna stay in my lane but look out the window..,2020-08-24 21:27:04+00:00,0,0,,
heavennrileyy,"made a lane &amp; they can’t get over.. @Houston, Texas https://www.instagram.com/p/CESWEUvHgAR/?igshid=kn7h6rh6l5pw",2020-08-24 21:10:15+00:00,0,2,,
TotalTrafficHOU,"Accident, left lane blocked in #SwSide on US-69 SW Fwy Outbound before Kirkwood, stop and go traffic back to Bissonnet #traffic http://bit.ly/17hsIjn",2020-08-24 21:05:43+00:00,0,0,,#SwSide #traffic
TotalTrafficBTR,"Accident, right lane blocked in #St.Martin on I 10 WB between LA-328/Breaux Bridge/Exit 109 and Louisiana Ave/Exit 104 #traffic http://bit.ly/12oyfoo",2020-08-24 20:05:43+00:00,0,0,,#St #traffic
A_P_Named_D,I just pimp slapped the fuck out of this route today.....,2020-08-24 19:38:40+00:00,0,0,,
jscurry44,"When you start assuming, you can make an ass out of yourself. I don’t know you and you don’t know me. We were responding to this incident. Stay in your lane",2020-08-24 18:51:33+00:00,0,0,,
TotalTrafficAUS,"Accident. right shoulder blocked, right lane partially blocked in #Travis on I-35 SB at Cesar Chavez St/Exit 234, stop and go traffic back to 8th St/Exit 234 #ATXtraffic http://bit.ly/10BGKax",2020-08-24 18:50:44+00:00,0,0,,#Travis #ATXtraffic
TotalTrafficAUS,"Disabled vehicle, left lane blocked in #Austin on TX-71 WB at Old Bee Cave Rd, slow traffic back to Fletcher Ln #ATXtraffic http://bit.ly/10BGKax",2020-08-24 18:50:43+00:00,0,0,,#Austin #ATXtraffic
TotalTrafficHOU,Car fire. right lane blocked in #SouthEastSide on I-45 Gulf Fwy Inbound after Monroe #traffic http://bit.ly/17hsIjn,2020-08-24 18:05:43+00:00,0,0,,#SouthEastSide #traffic
TotalTrafficHOU,Disabled vehicle. center lane blocked in #Houston on US-69 SW Fwy Inbound at S Rice Ave #traffic http://bit.ly/17hsIjn,2020-08-24 18:00:45+00:00,0,0,,#Houston #traffic
HouCLT,"HCLT's Affordable House of the week! 6707 Ezzard Charles Lane. This house perfectly blends indoor and outdoor living in Houston. With its covered front porches and large backyard surrounded by a privacy fence, it… https://www.instagram.com/p/CER_BuEpFDw/?igshid=1dzuw9f8wmf74",2020-08-24 17:48:55+00:00,1,1,,
TippitTitans,"Titans: please be sure you are accessing all learning via Classlink. District devices automatically route you to Classlink. If you’re using your own device, go to the Tippit webpage and click Students. Click the… https://www.instagram.com/p/CER81gnH8Wg/?igshid=17ogf9lobxxu9",2020-08-24 17:29:47+00:00,0,0,,
PatienceIsadore,i really be in my own lane minding my business ,2020-08-24 17:29:43+00:00,2,3,,
TotalTrafficHOU,"Accident, left lane blocked in #NwSide on Hwy 290 NW Fwy Inbound at The W Sam Houston Tollway, stop and go traffic back to Senate #traffic http://bit.ly/17hsIjn",2020-08-24 17:20:43+00:00,0,0,,#NwSide #traffic
TotalTrafficHOU,"Vehicle fire blocking right lane in #NeSide on 610 N Lp EB at N. Wayside, stop and go traffic back to Homestead #traffic http://bit.ly/17hsIjn",2020-08-24 16:20:43+00:00,0,0,,#NeSide #traffic
rjordan114,No 9 route?,2020-08-24 15:58:46+00:00,0,0,,
thebullpentx,Any kids with eligibility I know some good jucos down in Tx if any kids want to go that route.,2020-08-24 15:12:24+00:00,0,1,,
TotalTrafficBTR,"Accident, left lane blocked in #EastBatonRouge on O'Neal Ln at Old Hammond Hwy #traffic http://bit.ly/12oyfoo",2020-08-24 14:45:43+00:00,0,0,,#EastBatonRouge #traffic
TotalTrafficHOU,"Accident. only the right lane getting by in #Spring on I-45 N Fwy Inbound at The Hardy Tollroad, stop and go traffic back to Woodlands Pkwy #traffic http://bit.ly/17hsIjn",2020-08-24 14:35:43+00:00,0,0,,#Spring #traffic
TotalTrafficHOU,"Road debris. right lane blocked in #NorthSide on I-45 N Fwy Outbound approaching Rankin, stop and go traffic back to The N Sam Houston Pkwy #traffic http://bit.ly/17hsIjn",2020-08-24 14:05:44+00:00,0,0,,#NorthSide #traffic
TotalTrafficBTR,"Accident, right lane blocked in #EastBatonRouge on O'Neal Ln at Old Hammond Hwy #traffic http://bit.ly/12oyfoo",2020-08-24 13:50:43+00:00,0,0,,#EastBatonRouge #traffic
MrEtorianHines,"Fuck what others think. Be happy in your own lane. Life's too short to bite your tongue. #LiveALittle #GoodMorning #SpirtualAwakening @Houston, Texas https://www.instagram.com/p/CERgCMIJIJW/?igshid=a44t9rbnyh3t",2020-08-24 13:18:06+00:00,0,0,,#LiveALittle #GoodMorning #SpirtualAwakening
coachcarter1911,The future is so bright on Cane Lane. #EAT.,2020-08-24 13:17:36+00:00,1,13,,#EAT
lamb_production,It helps when the person throwing you the ball is a Willie Ray Smith award winner and can throw the pigskin a mile and it still be accurate! @troyfor6_ has a cannon for an arm and at any given moment a big play could be en route!,2020-08-24 13:05:04+00:00,1,7,@troyfor6_,
TotalTrafficHOU,"Disabled vehicle, left lane blocked in #NorthSide on I-45 N Fwy Inbound at Tidwell Rd., stop and go traffic back to W Mt. Houston #traffic http://bit.ly/17hsIjn",2020-08-24 12:50:43+00:00,0,0,,#NorthSide #traffic
TotalTrafficBTR,"Disabled vehicle, right lane blocked in #EastBatonRouge on I 10 EB at I-110/BR Airport/Exit 155B #traffic http://bit.ly/12oyfoo",2020-08-24 11:15:43+00:00,0,0,,#EastBatonRouge #traffic
CallmeKyle_,Best lane to be in is your own ,2020-08-24 06:11:20+00:00,1,7,,
D4V5N,Find yo lane &amp; stay in dat hoe,2020-08-24 06:06:46+00:00,0,0,,
nattieblewis,Symbolism,2020-08-24 05:44:13+00:00,0,2,,
Smackinmack_,Ima just stay in my lane and if somebody swerves into it again I’m runnin em off da road ,2020-08-24 04:50:49+00:00,0,5,,
Yung_Escobar06,You have to win regardless bro. He beat a tough 76ers and Bucks team in route with him being traded there when most folks would’ve pouted,2020-08-24 04:38:14+00:00,0,0,,
quietin_,Lois Lane can be falling halfway across world and Superman will be there to catch that heaux. Lol,2020-08-24 04:07:51+00:00,0,0,,
RickyMurphyII,@Mavstro5 @KyleStansell @DJYannyFresh looking like Maggie Lane,2020-08-24 03:33:19+00:00,0,1,@Mavstro5 @KyleStansell @DJYannyFresh,
rjordanroberson,You’re my lane ,2020-08-24 02:13:52+00:00,0,0,,
TheIgnantOne,"It’s cool to have ya own lane &amp; have ya own money, doing ya own shit. But what if you could make more building w/ others? You can only make so much alone.",2020-08-24 02:06:09+00:00,0,1,,
Jockinjoc,I’m over here doing this 3 mile loop and y’all these memorial people different. Mfs out here running RUNNING they lowkey make you wanna speed up and then make you waste that last lil boost that you had left. Now you gotta stop and walk smh imma stay in my lane. ,2020-08-24 02:01:47+00:00,0,1,,
NohugNolearn,Kerby lane really does have the best Cobb salad ,2020-08-24 00:55:46+00:00,0,0,,
SavageGalore,While I have y’all here let’s take a trip down memory lane shall we,2020-08-24 00:21:13+00:00,0,0,,
stadiumtalkcom,They started doing amazing things at an early age.,2020-06-30 02:59:37+00:00,0,0,,
